,outputs,label_tokens,true_numeric_labels,true_label_present_in_prompt,correct,predicted_label_present_in_prompt,prompt_labels,prompt_example_indices,id,n_shots,run_number,unlimiformer,nspw
903,supported cards and currencies,supported,54,True,True,False,"{53: 3, 70: 2, 34: 1, 54: 1, 64: 1, 44: 1, 38: 1, 27: 2, 8: 2, 61: 1, 6: 1, 50: 1, 17: 2, 48: 2, 4: 1, 30: 1, 56: 1, 28: 1}","[2754, 1423, 3444, 1353, 2265, 9281, 8596, 8406, 2928, 9791, 8029, 4604, 623, 2934, 9653, 4800, 3547, 66, 2368, 2756, 1590, 1281, 6663, 824, 2063]",903,25,3,False,25
1003,top up reverted,top up revert,61,True,True,False,"{53: 3, 70: 2, 34: 1, 54: 1, 64: 1, 44: 1, 38: 1, 27: 2, 8: 2, 61: 1, 6: 1, 50: 1, 17: 2, 48: 2, 4: 1, 30: 1, 56: 1, 28: 1}","[2754, 1423, 3444, 1353, 2265, 9281, 8596, 8406, 2928, 9791, 8029, 4604, 623, 2934, 9653, 4800, 3547, 66, 2368, 2756, 1590, 1281, 6663, 824, 2063]",1003,25,3,False,25
2953,card about to expire,card about,9,False,True,False,"{53: 3, 70: 2, 34: 1, 54: 1, 64: 1, 44: 1, 38: 1, 27: 2, 8: 2, 61: 1, 6: 1, 50: 1, 17: 2, 48: 2, 4: 1, 30: 1, 56: 1, 28: 1}","[2754, 1423, 3444, 1353, 2265, 9281, 8596, 8406, 2928, 9791, 8029, 4604, 623, 2934, 9653, 4800, 3547, 66, 2368, 2756, 1590, 1281, 6663, 824, 2063]",2953,25,3,False,25
2979,top up by card charge,apple,2,False,False,False,"{53: 3, 70: 2, 34: 1, 54: 1, 64: 1, 44: 1, 38: 1, 27: 2, 8: 2, 61: 1, 6: 1, 50: 1, 17: 2, 48: 2, 4: 1, 30: 1, 56: 1, 28: 1}","[2754, 1423, 3444, 1353, 2265, 9281, 8596, 8406, 2928, 9791, 8029, 4604, 623, 2934, 9653, 4800, 3547, 66, 2368, 2756, 1590, 1281, 6663, 824, 2063]",2979,25,3,False,25
1926,get physical card,card sw,18,False,False,False,"{53: 3, 70: 2, 34: 1, 54: 1, 64: 1, 44: 1, 38: 1, 27: 2, 8: 2, 61: 1, 6: 1, 50: 1, 17: 2, 48: 2, 4: 1, 30: 1, 56: 1, 28: 1}","[2754, 1423, 3444, 1353, 2265, 9281, 8596, 8406, 2928, 9791, 8029, 4604, 623, 2934, 9653, 4800, 3547, 66, 2368, 2756, 1590, 1281, 6663, 824, 2063]",1926,25,3,False,25
2137,get physical card,change,21,False,False,False,"{53: 3, 70: 2, 34: 1, 54: 1, 64: 1, 44: 1, 38: 1, 27: 2, 8: 2, 61: 1, 6: 1, 50: 1, 17: 2, 48: 2, 4: 1, 30: 1, 56: 1, 28: 1}","[2754, 1423, 3444, 1353, 2265, 9281, 8596, 8406, 2928, 9791, 8029, 4604, 623, 2934, 9653, 4800, 3547, 66, 2368, 2756, 1590, 1281, 6663, 824, 2063]",2137,25,3,False,25
2980,top up by card charge,apple,2,False,False,False,"{53: 3, 70: 2, 34: 1, 54: 1, 64: 1, 44: 1, 38: 1, 27: 2, 8: 2, 61: 1, 6: 1, 50: 1, 17: 2, 48: 2, 4: 1, 30: 1, 56: 1, 28: 1}","[2754, 1423, 3444, 1353, 2265, 9281, 8596, 8406, 2928, 9791, 8029, 4604, 623, 2934, 9653, 4800, 3547, 66, 2368, 2756, 1590, 1281, 6663, 824, 2063]",2980,25,3,False,25
702,cancel transfer,cancel,8,True,True,False,"{53: 3, 70: 2, 34: 1, 54: 1, 64: 1, 44: 1, 38: 1, 27: 2, 8: 2, 61: 1, 6: 1, 50: 1, 17: 2, 48: 2, 4: 1, 30: 1, 56: 1, 28: 1}","[2754, 1423, 3444, 1353, 2265, 9281, 8596, 8406, 2928, 9791, 8029, 4604, 623, 2934, 9653, 4800, 3547, 66, 2368, 2756, 1590, 1281, 6663, 824, 2063]",702,25,3,False,25
2493,get physical card,order,43,False,False,False,"{53: 3, 70: 2, 34: 1, 54: 1, 64: 1, 44: 1, 38: 1, 27: 2, 8: 2, 61: 1, 6: 1, 50: 1, 17: 2, 48: 2, 4: 1, 30: 1, 56: 1, 28: 1}","[2754, 1423, 3444, 1353, 2265, 9281, 8596, 8406, 2928, 9791, 8029, 4604, 623, 2934, 9653, 4800, 3547, 66, 2368, 2756, 1590, 1281, 6663, 824, 2063]",2493,25,3,False,25
2210,transfer fee charged,transfer fee,64,True,True,False,"{53: 3, 70: 2, 34: 1, 54: 1, 64: 1, 44: 1, 38: 1, 27: 2, 8: 2, 61: 1, 6: 1, 50: 1, 17: 2, 48: 2, 4: 1, 30: 1, 56: 1, 28: 1}","[2754, 1423, 3444, 1353, 2265, 9281, 8596, 8406, 2928, 9791, 8029, 4604, 623, 2934, 9653, 4800, 3547, 66, 2368, 2756, 1590, 1281, 6663, 824, 2063]",2210,25,3,False,25
112,exchange rate,exchange rate,32,False,True,False,"{53: 3, 70: 2, 34: 1, 54: 1, 64: 1, 44: 1, 38: 1, 27: 2, 8: 2, 61: 1, 6: 1, 50: 1, 17: 2, 48: 2, 4: 1, 30: 1, 56: 1, 28: 1}","[2754, 1423, 3444, 1353, 2265, 9281, 8596, 8406, 2928, 9791, 8029, 4604, 623, 2934, 9653, 4800, 3547, 66, 2368, 2756, 1590, 1281, 6663, 824, 2063]",112,25,3,False,25
2909,cash withdrawal charge,cash withdrawal charge,19,False,True,False,"{53: 3, 70: 2, 34: 1, 54: 1, 64: 1, 44: 1, 38: 1, 27: 2, 8: 2, 61: 1, 6: 1, 50: 1, 17: 2, 48: 2, 4: 1, 30: 1, 56: 1, 28: 1}","[2754, 1423, 3444, 1353, 2265, 9281, 8596, 8406, 2928, 9791, 8029, 4604, 623, 2934, 9653, 4800, 3547, 66, 2368, 2756, 1590, 1281, 6663, 824, 2063]",2909,25,3,False,25
1987,card payment wrong exchange rate,transaction,63,False,False,False,"{53: 3, 70: 2, 34: 1, 54: 1, 64: 1, 44: 1, 38: 1, 27: 2, 8: 2, 61: 1, 6: 1, 50: 1, 17: 2, 48: 2, 4: 1, 30: 1, 56: 1, 28: 1}","[2754, 1423, 3444, 1353, 2265, 9281, 8596, 8406, 2928, 9791, 8029, 4604, 623, 2934, 9653, 4800, 3547, 66, 2368, 2756, 1590, 1281, 6663, 824, 2063]",1987,25,3,False,25
1283,supported cards and currencies,vis,73,False,False,False,"{53: 3, 70: 2, 34: 1, 54: 1, 64: 1, 44: 1, 38: 1, 27: 2, 8: 2, 61: 1, 6: 1, 50: 1, 17: 2, 48: 2, 4: 1, 30: 1, 56: 1, 28: 1}","[2754, 1423, 3444, 1353, 2265, 9281, 8596, 8406, 2928, 9791, 8029, 4604, 623, 2934, 9653, 4800, 3547, 66, 2368, 2756, 1590, 1281, 6663, 824, 2063]",1283,25,3,False,25
1539,passcode forgotten,pass,44,True,True,False,"{53: 3, 70: 2, 34: 1, 54: 1, 64: 1, 44: 1, 38: 1, 27: 2, 8: 2, 61: 1, 6: 1, 50: 1, 17: 2, 48: 2, 4: 1, 30: 1, 56: 1, 28: 1}","[2754, 1423, 3444, 1353, 2265, 9281, 8596, 8406, 2928, 9791, 8029, 4604, 623, 2934, 9653, 4800, 3547, 66, 2368, 2756, 1590, 1281, 6663, 824, 2063]",1539,25,3,False,25
2879,activate my card,activ,0,False,True,False,"{53: 3, 70: 2, 34: 1, 54: 1, 64: 1, 44: 1, 38: 1, 27: 2, 8: 2, 61: 1, 6: 1, 50: 1, 17: 2, 48: 2, 4: 1, 30: 1, 56: 1, 28: 1}","[2754, 1423, 3444, 1353, 2265, 9281, 8596, 8406, 2928, 9791, 8029, 4604, 623, 2934, 9653, 4800, 3547, 66, 2368, 2756, 1590, 1281, 6663, 824, 2063]",2879,25,3,False,25
1158,edit personal details,edit,30,True,True,False,"{53: 3, 70: 2, 34: 1, 54: 1, 64: 1, 44: 1, 38: 1, 27: 2, 8: 2, 61: 1, 6: 1, 50: 1, 17: 2, 48: 2, 4: 1, 30: 1, 56: 1, 28: 1}","[2754, 1423, 3444, 1353, 2265, 9281, 8596, 8406, 2928, 9791, 8029, 4604, 623, 2934, 9653, 4800, 3547, 66, 2368, 2756, 1590, 1281, 6663, 824, 2063]",1158,25,3,False,25
1376,top up by card charge,dispos,29,False,False,False,"{53: 3, 70: 2, 34: 1, 54: 1, 64: 1, 44: 1, 38: 1, 27: 2, 8: 2, 61: 1, 6: 1, 50: 1, 17: 2, 48: 2, 4: 1, 30: 1, 56: 1, 28: 1}","[2754, 1423, 3444, 1353, 2265, 9281, 8596, 8406, 2928, 9791, 8029, 4604, 623, 2934, 9653, 4800, 3547, 66, 2368, 2756, 1590, 1281, 6663, 824, 2063]",1376,25,3,False,25
1517,extra charge on statement,direct,28,True,False,False,"{53: 3, 70: 2, 34: 1, 54: 1, 64: 1, 44: 1, 38: 1, 27: 2, 8: 2, 61: 1, 6: 1, 50: 1, 17: 2, 48: 2, 4: 1, 30: 1, 56: 1, 28: 1}","[2754, 1423, 3444, 1353, 2265, 9281, 8596, 8406, 2928, 9791, 8029, 4604, 623, 2934, 9653, 4800, 3547, 66, 2368, 2756, 1590, 1281, 6663, 824, 2063]",1517,25,3,False,25
1171,verify source of funds,why,74,False,False,False,"{53: 3, 70: 2, 34: 1, 54: 1, 64: 1, 44: 1, 38: 1, 27: 2, 8: 2, 61: 1, 6: 1, 50: 1, 17: 2, 48: 2, 4: 1, 30: 1, 56: 1, 28: 1}","[2754, 1423, 3444, 1353, 2265, 9281, 8596, 8406, 2928, 9791, 8029, 4604, 623, 2934, 9653, 4800, 3547, 66, 2368, 2756, 1590, 1281, 6663, 824, 2063]",1171,25,3,False,25
2242,transfer into account,receiving,50,True,False,False,"{53: 3, 70: 2, 34: 1, 54: 1, 64: 1, 44: 1, 38: 1, 27: 2, 8: 2, 61: 1, 6: 1, 50: 1, 17: 2, 48: 2, 4: 1, 30: 1, 56: 1, 28: 1}","[2754, 1423, 3444, 1353, 2265, 9281, 8596, 8406, 2928, 9791, 8029, 4604, 623, 2934, 9653, 4800, 3547, 66, 2368, 2756, 1590, 1281, 6663, 824, 2063]",2242,25,3,False,25
1476,atm support,at,3,False,True,False,"{53: 3, 70: 2, 34: 1, 54: 1, 64: 1, 44: 1, 38: 1, 27: 2, 8: 2, 61: 1, 6: 1, 50: 1, 17: 2, 48: 2, 4: 1, 30: 1, 56: 1, 28: 1}","[2754, 1423, 3444, 1353, 2265, 9281, 8596, 8406, 2928, 9791, 8029, 4604, 623, 2934, 9653, 4800, 3547, 66, 2368, 2756, 1590, 1281, 6663, 824, 2063]",1476,25,3,False,25
237,atm support,pending c,46,False,False,False,"{53: 3, 70: 2, 34: 1, 54: 1, 64: 1, 44: 1, 38: 1, 27: 2, 8: 2, 61: 1, 6: 1, 50: 1, 17: 2, 48: 2, 4: 1, 30: 1, 56: 1, 28: 1}","[2754, 1423, 3444, 1353, 2265, 9281, 8596, 8406, 2928, 9791, 8029, 4604, 623, 2934, 9653, 4800, 3547, 66, 2368, 2756, 1590, 1281, 6663, 824, 2063]",237,25,3,False,25
1650,lost or stolen phone,lost or stolen phone,42,False,True,False,"{53: 3, 70: 2, 34: 1, 54: 1, 64: 1, 44: 1, 38: 1, 27: 2, 8: 2, 61: 1, 6: 1, 50: 1, 17: 2, 48: 2, 4: 1, 30: 1, 56: 1, 28: 1}","[2754, 1423, 3444, 1353, 2265, 9281, 8596, 8406, 2928, 9791, 8029, 4604, 623, 2934, 9653, 4800, 3547, 66, 2368, 2756, 1590, 1281, 6663, 824, 2063]",1650,25,3,False,25
2484,card delivery estimate,order,43,False,False,False,"{53: 3, 70: 2, 34: 1, 54: 1, 64: 1, 44: 1, 38: 1, 27: 2, 8: 2, 61: 1, 6: 1, 50: 1, 17: 2, 48: 2, 4: 1, 30: 1, 56: 1, 28: 1}","[2754, 1423, 3444, 1353, 2265, 9281, 8596, 8406, 2928, 9791, 8029, 4604, 623, 2934, 9653, 4800, 3547, 66, 2368, 2756, 1590, 1281, 6663, 824, 2063]",2484,25,3,False,25
2105,card payment not recognised,revert,53,True,False,False,"{53: 3, 70: 2, 34: 1, 54: 1, 64: 1, 44: 1, 38: 1, 27: 2, 8: 2, 61: 1, 6: 1, 50: 1, 17: 2, 48: 2, 4: 1, 30: 1, 56: 1, 28: 1}","[2754, 1423, 3444, 1353, 2265, 9281, 8596, 8406, 2928, 9791, 8029, 4604, 623, 2934, 9653, 4800, 3547, 66, 2368, 2756, 1590, 1281, 6663, 824, 2063]",2105,25,3,False,25
2121,change pin,change,21,False,True,False,"{53: 3, 70: 2, 34: 1, 54: 1, 64: 1, 44: 1, 38: 1, 27: 2, 8: 2, 61: 1, 6: 1, 50: 1, 17: 2, 48: 2, 4: 1, 30: 1, 56: 1, 28: 1}","[2754, 1423, 3444, 1353, 2265, 9281, 8596, 8406, 2928, 9791, 8029, 4604, 623, 2934, 9653, 4800, 3547, 66, 2368, 2756, 1590, 1281, 6663, 824, 2063]",2121,25,3,False,25
1452,atm support,at,3,False,True,False,"{53: 3, 70: 2, 34: 1, 54: 1, 64: 1, 44: 1, 38: 1, 27: 2, 8: 2, 61: 1, 6: 1, 50: 1, 17: 2, 48: 2, 4: 1, 30: 1, 56: 1, 28: 1}","[2754, 1423, 3444, 1353, 2265, 9281, 8596, 8406, 2928, 9791, 8029, 4604, 623, 2934, 9653, 4800, 3547, 66, 2368, 2756, 1590, 1281, 6663, 824, 2063]",1452,25,3,False,25
274,supported cards and currencies,fi,36,False,False,False,"{53: 3, 70: 2, 34: 1, 54: 1, 64: 1, 44: 1, 38: 1, 27: 2, 8: 2, 61: 1, 6: 1, 50: 1, 17: 2, 48: 2, 4: 1, 30: 1, 56: 1, 28: 1}","[2754, 1423, 3444, 1353, 2265, 9281, 8596, 8406, 2928, 9791, 8029, 4604, 623, 2934, 9653, 4800, 3547, 66, 2368, 2756, 1590, 1281, 6663, 824, 2063]",274,25,3,False,25
564,contactless not working,contact,23,False,True,False,"{53: 3, 70: 2, 34: 1, 54: 1, 64: 1, 44: 1, 38: 1, 27: 2, 8: 2, 61: 1, 6: 1, 50: 1, 17: 2, 48: 2, 4: 1, 30: 1, 56: 1, 28: 1}","[2754, 1423, 3444, 1353, 2265, 9281, 8596, 8406, 2928, 9791, 8029, 4604, 623, 2934, 9653, 4800, 3547, 66, 2368, 2756, 1590, 1281, 6663, 824, 2063]",564,25,3,False,25
905,supported cards and currencies,supported,54,True,True,False,"{53: 3, 70: 2, 34: 1, 54: 1, 64: 1, 44: 1, 38: 1, 27: 2, 8: 2, 61: 1, 6: 1, 50: 1, 17: 2, 48: 2, 4: 1, 30: 1, 56: 1, 28: 1}","[2754, 1423, 3444, 1353, 2265, 9281, 8596, 8406, 2928, 9791, 8029, 4604, 623, 2934, 9653, 4800, 3547, 66, 2368, 2756, 1590, 1281, 6663, 824, 2063]",905,25,3,False,25
1535,passcode forgotten,pass,44,True,True,False,"{53: 3, 70: 2, 34: 1, 54: 1, 64: 1, 44: 1, 38: 1, 27: 2, 8: 2, 61: 1, 6: 1, 50: 1, 17: 2, 48: 2, 4: 1, 30: 1, 56: 1, 28: 1}","[2754, 1423, 3444, 1353, 2265, 9281, 8596, 8406, 2928, 9791, 8029, 4604, 623, 2934, 9653, 4800, 3547, 66, 2368, 2756, 1590, 1281, 6663, 824, 2063]",1535,25,3,False,25
2113,reverted card payment?,revert,53,True,True,False,"{53: 3, 70: 2, 34: 1, 54: 1, 64: 1, 44: 1, 38: 1, 27: 2, 8: 2, 61: 1, 6: 1, 50: 1, 17: 2, 48: 2, 4: 1, 30: 1, 56: 1, 28: 1}","[2754, 1423, 3444, 1353, 2265, 9281, 8596, 8406, 2928, 9791, 8029, 4604, 623, 2934, 9653, 4800, 3547, 66, 2368, 2756, 1590, 1281, 6663, 824, 2063]",2113,25,3,False,25
2142,change pin,change,21,False,True,False,"{53: 3, 70: 2, 34: 1, 54: 1, 64: 1, 44: 1, 38: 1, 27: 2, 8: 2, 61: 1, 6: 1, 50: 1, 17: 2, 48: 2, 4: 1, 30: 1, 56: 1, 28: 1}","[2754, 1423, 3444, 1353, 2265, 9281, 8596, 8406, 2928, 9791, 8029, 4604, 623, 2934, 9653, 4800, 3547, 66, 2368, 2756, 1590, 1281, 6663, 824, 2063]",2142,25,3,False,25
2965,top up by card charge,apple,2,False,False,False,"{53: 3, 70: 2, 34: 1, 54: 1, 64: 1, 44: 1, 38: 1, 27: 2, 8: 2, 61: 1, 6: 1, 50: 1, 17: 2, 48: 2, 4: 1, 30: 1, 56: 1, 28: 1}","[2754, 1423, 3444, 1353, 2265, 9281, 8596, 8406, 2928, 9791, 8029, 4604, 623, 2934, 9653, 4800, 3547, 66, 2368, 2756, 1590, 1281, 6663, 824, 2063]",2965,25,3,False,25
1834,card payment not recognised,declined card,25,False,False,False,"{53: 3, 70: 2, 34: 1, 54: 1, 64: 1, 44: 1, 38: 1, 27: 2, 8: 2, 61: 1, 6: 1, 50: 1, 17: 2, 48: 2, 4: 1, 30: 1, 56: 1, 28: 1}","[2754, 1423, 3444, 1353, 2265, 9281, 8596, 8406, 2928, 9791, 8029, 4604, 623, 2934, 9653, 4800, 3547, 66, 2368, 2756, 1590, 1281, 6663, 824, 2063]",1834,25,3,False,25
1549,passcode forgotten,pass,44,True,True,False,"{53: 3, 70: 2, 34: 1, 54: 1, 64: 1, 44: 1, 38: 1, 27: 2, 8: 2, 61: 1, 6: 1, 50: 1, 17: 2, 48: 2, 4: 1, 30: 1, 56: 1, 28: 1}","[2754, 1423, 3444, 1353, 2265, 9281, 8596, 8406, 2928, 9791, 8029, 4604, 623, 2934, 9653, 4800, 3547, 66, 2368, 2756, 1590, 1281, 6663, 824, 2063]",1549,25,3,False,25
1320,top up by card charge,to,62,False,False,False,"{53: 3, 70: 2, 34: 1, 54: 1, 64: 1, 44: 1, 38: 1, 27: 2, 8: 2, 61: 1, 6: 1, 50: 1, 17: 2, 48: 2, 4: 1, 30: 1, 56: 1, 28: 1}","[2754, 1423, 3444, 1353, 2265, 9281, 8596, 8406, 2928, 9791, 8029, 4604, 623, 2934, 9653, 4800, 3547, 66, 2368, 2756, 1590, 1281, 6663, 824, 2063]",1320,25,3,False,25
2421,order physical card,getting spare,39,False,False,False,"{53: 3, 70: 2, 34: 1, 54: 1, 64: 1, 44: 1, 38: 1, 27: 2, 8: 2, 61: 1, 6: 1, 50: 1, 17: 2, 48: 2, 4: 1, 30: 1, 56: 1, 28: 1}","[2754, 1423, 3444, 1353, 2265, 9281, 8596, 8406, 2928, 9791, 8029, 4604, 623, 2934, 9653, 4800, 3547, 66, 2368, 2756, 1590, 1281, 6663, 824, 2063]",2421,25,3,False,25
2784,exchange rate,exchange charge,31,False,False,False,"{53: 3, 70: 2, 34: 1, 54: 1, 64: 1, 44: 1, 38: 1, 27: 2, 8: 2, 61: 1, 6: 1, 50: 1, 17: 2, 48: 2, 4: 1, 30: 1, 56: 1, 28: 1}","[2754, 1423, 3444, 1353, 2265, 9281, 8596, 8406, 2928, 9791, 8029, 4604, 623, 2934, 9653, 4800, 3547, 66, 2368, 2756, 1590, 1281, 6663, 824, 2063]",2784,25,3,False,25
768,wrong amount of cash received,wrong amount,75,False,True,False,"{53: 3, 70: 2, 34: 1, 54: 1, 64: 1, 44: 1, 38: 1, 27: 2, 8: 2, 61: 1, 6: 1, 50: 1, 17: 2, 48: 2, 4: 1, 30: 1, 56: 1, 28: 1}","[2754, 1423, 3444, 1353, 2265, 9281, 8596, 8406, 2928, 9791, 8029, 4604, 623, 2934, 9653, 4800, 3547, 66, 2368, 2756, 1590, 1281, 6663, 824, 2063]",768,25,3,False,25
2472,top up by bank transfer charge,top up by c,58,False,False,False,"{53: 3, 70: 2, 34: 1, 54: 1, 64: 1, 44: 1, 38: 1, 27: 2, 8: 2, 61: 1, 6: 1, 50: 1, 17: 2, 48: 2, 4: 1, 30: 1, 56: 1, 28: 1}","[2754, 1423, 3444, 1353, 2265, 9281, 8596, 8406, 2928, 9791, 8029, 4604, 623, 2934, 9653, 4800, 3547, 66, 2368, 2756, 1590, 1281, 6663, 824, 2063]",2472,25,3,False,25
2154,get physical card,change,21,False,False,False,"{53: 3, 70: 2, 34: 1, 54: 1, 64: 1, 44: 1, 38: 1, 27: 2, 8: 2, 61: 1, 6: 1, 50: 1, 17: 2, 48: 2, 4: 1, 30: 1, 56: 1, 28: 1}","[2754, 1423, 3444, 1353, 2265, 9281, 8596, 8406, 2928, 9791, 8029, 4604, 623, 2934, 9653, 4800, 3547, 66, 2368, 2756, 1590, 1281, 6663, 824, 2063]",2154,25,3,False,25
795,wrong amount of cash received,wrong amount,75,False,True,False,"{53: 3, 70: 2, 34: 1, 54: 1, 64: 1, 44: 1, 38: 1, 27: 2, 8: 2, 61: 1, 6: 1, 50: 1, 17: 2, 48: 2, 4: 1, 30: 1, 56: 1, 28: 1}","[2754, 1423, 3444, 1353, 2265, 9281, 8596, 8406, 2928, 9791, 8029, 4604, 623, 2934, 9653, 4800, 3547, 66, 2368, 2756, 1590, 1281, 6663, 824, 2063]",795,25,3,False,25
1278,pin blocked,get physical,38,True,False,False,"{53: 3, 70: 2, 34: 1, 54: 1, 64: 1, 44: 1, 38: 1, 27: 2, 8: 2, 61: 1, 6: 1, 50: 1, 17: 2, 48: 2, 4: 1, 30: 1, 56: 1, 28: 1}","[2754, 1423, 3444, 1353, 2265, 9281, 8596, 8406, 2928, 9791, 8029, 4604, 623, 2934, 9653, 4800, 3547, 66, 2368, 2756, 1590, 1281, 6663, 824, 2063]",1278,25,3,False,25
1494,direct debit payment not recognised,direct,28,True,True,False,"{53: 3, 70: 2, 34: 1, 54: 1, 64: 1, 44: 1, 38: 1, 27: 2, 8: 2, 61: 1, 6: 1, 50: 1, 17: 2, 48: 2, 4: 1, 30: 1, 56: 1, 28: 1}","[2754, 1423, 3444, 1353, 2265, 9281, 8596, 8406, 2928, 9791, 8029, 4604, 623, 2934, 9653, 4800, 3547, 66, 2368, 2756, 1590, 1281, 6663, 824, 2063]",1494,25,3,False,25
241,supported cards and currencies,fi,36,False,False,False,"{53: 3, 70: 2, 34: 1, 54: 1, 64: 1, 44: 1, 38: 1, 27: 2, 8: 2, 61: 1, 6: 1, 50: 1, 17: 2, 48: 2, 4: 1, 30: 1, 56: 1, 28: 1}","[2754, 1423, 3444, 1353, 2265, 9281, 8596, 8406, 2928, 9791, 8029, 4604, 623, 2934, 9653, 4800, 3547, 66, 2368, 2756, 1590, 1281, 6663, 824, 2063]",241,25,3,False,25
3060,verify source of funds,country,24,False,False,False,"{53: 3, 70: 2, 34: 1, 54: 1, 64: 1, 44: 1, 38: 1, 27: 2, 8: 2, 61: 1, 6: 1, 50: 1, 17: 2, 48: 2, 4: 1, 30: 1, 56: 1, 28: 1}","[2754, 1423, 3444, 1353, 2265, 9281, 8596, 8406, 2928, 9791, 8029, 4604, 623, 2934, 9653, 4800, 3547, 66, 2368, 2756, 1590, 1281, 6663, 824, 2063]",3060,25,3,False,25
494,age limit,age,1,False,True,False,"{53: 3, 70: 2, 34: 1, 54: 1, 64: 1, 44: 1, 38: 1, 27: 2, 8: 2, 61: 1, 6: 1, 50: 1, 17: 2, 48: 2, 4: 1, 30: 1, 56: 1, 28: 1}","[2754, 1423, 3444, 1353, 2265, 9281, 8596, 8406, 2928, 9791, 8029, 4604, 623, 2934, 9653, 4800, 3547, 66, 2368, 2756, 1590, 1281, 6663, 824, 2063]",494,25,3,False,25
327,automatic top up,automatic,4,True,True,False,"{53: 3, 70: 2, 34: 1, 54: 1, 64: 1, 44: 1, 38: 1, 27: 2, 8: 2, 61: 1, 6: 1, 50: 1, 17: 2, 48: 2, 4: 1, 30: 1, 56: 1, 28: 1}","[2754, 1423, 3444, 1353, 2265, 9281, 8596, 8406, 2928, 9791, 8029, 4604, 623, 2934, 9653, 4800, 3547, 66, 2368, 2756, 1590, 1281, 6663, 824, 2063]",327,25,3,False,25
458,lost or stolen card,lost or stolen card,41,False,True,False,"{53: 3, 70: 2, 34: 1, 54: 1, 64: 1, 44: 1, 38: 1, 27: 2, 8: 2, 61: 1, 6: 1, 50: 1, 17: 2, 48: 2, 4: 1, 30: 1, 56: 1, 28: 1}","[2754, 1423, 3444, 1353, 2265, 9281, 8596, 8406, 2928, 9791, 8029, 4604, 623, 2934, 9653, 4800, 3547, 66, 2368, 2756, 1590, 1281, 6663, 824, 2063]",458,25,3,False,25
428,supported cards and currencies,exchange via,33,False,False,False,"{53: 3, 70: 2, 34: 1, 54: 1, 64: 1, 44: 1, 38: 1, 27: 2, 8: 2, 61: 1, 6: 1, 50: 1, 17: 2, 48: 2, 4: 1, 30: 1, 56: 1, 28: 1}","[2754, 1423, 3444, 1353, 2265, 9281, 8596, 8406, 2928, 9791, 8029, 4604, 623, 2934, 9653, 4800, 3547, 66, 2368, 2756, 1590, 1281, 6663, 824, 2063]",428,25,3,False,25
2862,activate my card,activ,0,False,True,False,"{53: 3, 70: 2, 34: 1, 54: 1, 64: 1, 44: 1, 38: 1, 27: 2, 8: 2, 61: 1, 6: 1, 50: 1, 17: 2, 48: 2, 4: 1, 30: 1, 56: 1, 28: 1}","[2754, 1423, 3444, 1353, 2265, 9281, 8596, 8406, 2928, 9791, 8029, 4604, 623, 2934, 9653, 4800, 3547, 66, 2368, 2756, 1590, 1281, 6663, 824, 2063]",2862,25,3,False,25
2164,transfer not received by recipient,benef,7,False,False,False,"{53: 3, 70: 2, 34: 1, 54: 1, 64: 1, 44: 1, 38: 1, 27: 2, 8: 2, 61: 1, 6: 1, 50: 1, 17: 2, 48: 2, 4: 1, 30: 1, 56: 1, 28: 1}","[2754, 1423, 3444, 1353, 2265, 9281, 8596, 8406, 2928, 9791, 8029, 4604, 623, 2934, 9653, 4800, 3547, 66, 2368, 2756, 1590, 1281, 6663, 824, 2063]",2164,25,3,False,25
2897,cash withdrawal charge,cash withdrawal charge,19,False,True,False,"{53: 3, 70: 2, 34: 1, 54: 1, 64: 1, 44: 1, 38: 1, 27: 2, 8: 2, 61: 1, 6: 1, 50: 1, 17: 2, 48: 2, 4: 1, 30: 1, 56: 1, 28: 1}","[2754, 1423, 3444, 1353, 2265, 9281, 8596, 8406, 2928, 9791, 8029, 4604, 623, 2934, 9653, 4800, 3547, 66, 2368, 2756, 1590, 1281, 6663, 824, 2063]",2897,25,3,False,25
2440,top up by bank transfer charge,top up by c,58,False,False,False,"{53: 3, 70: 2, 34: 1, 54: 1, 64: 1, 44: 1, 38: 1, 27: 2, 8: 2, 61: 1, 6: 1, 50: 1, 17: 2, 48: 2, 4: 1, 30: 1, 56: 1, 28: 1}","[2754, 1423, 3444, 1353, 2265, 9281, 8596, 8406, 2928, 9791, 8029, 4604, 623, 2934, 9653, 4800, 3547, 66, 2368, 2756, 1590, 1281, 6663, 824, 2063]",2440,25,3,False,25
1663,lost or stolen card,lost or stolen phone,42,False,False,False,"{53: 3, 70: 2, 34: 1, 54: 1, 64: 1, 44: 1, 38: 1, 27: 2, 8: 2, 61: 1, 6: 1, 50: 1, 17: 2, 48: 2, 4: 1, 30: 1, 56: 1, 28: 1}","[2754, 1423, 3444, 1353, 2265, 9281, 8596, 8406, 2928, 9791, 8029, 4604, 623, 2934, 9653, 4800, 3547, 66, 2368, 2756, 1590, 1281, 6663, 824, 2063]",1663,25,3,False,25
2700,transfer not received by recipient,balance not updated after bank,5,False,False,False,"{53: 3, 70: 2, 34: 1, 54: 1, 64: 1, 44: 1, 38: 1, 27: 2, 8: 2, 61: 1, 6: 1, 50: 1, 17: 2, 48: 2, 4: 1, 30: 1, 56: 1, 28: 1}","[2754, 1423, 3444, 1353, 2265, 9281, 8596, 8406, 2928, 9791, 8029, 4604, 623, 2934, 9653, 4800, 3547, 66, 2368, 2756, 1590, 1281, 6663, 824, 2063]",2700,25,3,False,25
2955,card payment wrong exchange rate,card about,9,False,False,False,"{53: 3, 70: 2, 34: 1, 54: 1, 64: 1, 44: 1, 38: 1, 27: 2, 8: 2, 61: 1, 6: 1, 50: 1, 17: 2, 48: 2, 4: 1, 30: 1, 56: 1, 28: 1}","[2754, 1423, 3444, 1353, 2265, 9281, 8596, 8406, 2928, 9791, 8029, 4604, 623, 2934, 9653, 4800, 3547, 66, 2368, 2756, 1590, 1281, 6663, 824, 2063]",2955,25,3,False,25
522,pin blocked,pin,49,False,True,False,"{53: 3, 70: 2, 34: 1, 54: 1, 64: 1, 44: 1, 38: 1, 27: 2, 8: 2, 61: 1, 6: 1, 50: 1, 17: 2, 48: 2, 4: 1, 30: 1, 56: 1, 28: 1}","[2754, 1423, 3444, 1353, 2265, 9281, 8596, 8406, 2928, 9791, 8029, 4604, 623, 2934, 9653, 4800, 3547, 66, 2368, 2756, 1590, 1281, 6663, 824, 2063]",522,25,3,False,25
1788,transfer not received by recipient,Ref,51,False,False,False,"{53: 3, 70: 2, 34: 1, 54: 1, 64: 1, 44: 1, 38: 1, 27: 2, 8: 2, 61: 1, 6: 1, 50: 1, 17: 2, 48: 2, 4: 1, 30: 1, 56: 1, 28: 1}","[2754, 1423, 3444, 1353, 2265, 9281, 8596, 8406, 2928, 9791, 8029, 4604, 623, 2934, 9653, 4800, 3547, 66, 2368, 2756, 1590, 1281, 6663, 824, 2063]",1788,25,3,False,25
1055,balance not updated after cheque or cash deposit,balance not updated after che,6,True,True,False,"{53: 3, 70: 2, 34: 1, 54: 1, 64: 1, 44: 1, 38: 1, 27: 2, 8: 2, 61: 1, 6: 1, 50: 1, 17: 2, 48: 2, 4: 1, 30: 1, 56: 1, 28: 1}","[2754, 1423, 3444, 1353, 2265, 9281, 8596, 8406, 2928, 9791, 8029, 4604, 623, 2934, 9653, 4800, 3547, 66, 2368, 2756, 1590, 1281, 6663, 824, 2063]",1055,25,3,False,25
2992,top up by card charge,apple,2,False,False,False,"{53: 3, 70: 2, 34: 1, 54: 1, 64: 1, 44: 1, 38: 1, 27: 2, 8: 2, 61: 1, 6: 1, 50: 1, 17: 2, 48: 2, 4: 1, 30: 1, 56: 1, 28: 1}","[2754, 1423, 3444, 1353, 2265, 9281, 8596, 8406, 2928, 9791, 8029, 4604, 623, 2934, 9653, 4800, 3547, 66, 2368, 2756, 1590, 1281, 6663, 824, 2063]",2992,25,3,False,25
1093,transaction charged twice,card payment not,16,False,False,False,"{53: 3, 70: 2, 34: 1, 54: 1, 64: 1, 44: 1, 38: 1, 27: 2, 8: 2, 61: 1, 6: 1, 50: 1, 17: 2, 48: 2, 4: 1, 30: 1, 56: 1, 28: 1}","[2754, 1423, 3444, 1353, 2265, 9281, 8596, 8406, 2928, 9791, 8029, 4604, 623, 2934, 9653, 4800, 3547, 66, 2368, 2756, 1590, 1281, 6663, 824, 2063]",1093,25,3,False,25
791,wrong amount of cash received,wrong amount,75,False,True,False,"{53: 3, 70: 2, 34: 1, 54: 1, 64: 1, 44: 1, 38: 1, 27: 2, 8: 2, 61: 1, 6: 1, 50: 1, 17: 2, 48: 2, 4: 1, 30: 1, 56: 1, 28: 1}","[2754, 1423, 3444, 1353, 2265, 9281, 8596, 8406, 2928, 9791, 8029, 4604, 623, 2934, 9653, 4800, 3547, 66, 2368, 2756, 1590, 1281, 6663, 824, 2063]",791,25,3,False,25
894,top up by card charge,supported,54,True,False,False,"{53: 3, 70: 2, 34: 1, 54: 1, 64: 1, 44: 1, 38: 1, 27: 2, 8: 2, 61: 1, 6: 1, 50: 1, 17: 2, 48: 2, 4: 1, 30: 1, 56: 1, 28: 1}","[2754, 1423, 3444, 1353, 2265, 9281, 8596, 8406, 2928, 9791, 8029, 4604, 623, 2934, 9653, 4800, 3547, 66, 2368, 2756, 1590, 1281, 6663, 824, 2063]",894,25,3,False,25
897,supported cards and currencies,supported,54,True,True,False,"{53: 3, 70: 2, 34: 1, 54: 1, 64: 1, 44: 1, 38: 1, 27: 2, 8: 2, 61: 1, 6: 1, 50: 1, 17: 2, 48: 2, 4: 1, 30: 1, 56: 1, 28: 1}","[2754, 1423, 3444, 1353, 2265, 9281, 8596, 8406, 2928, 9791, 8029, 4604, 623, 2934, 9653, 4800, 3547, 66, 2368, 2756, 1590, 1281, 6663, 824, 2063]",897,25,3,False,25
1175,verify source of funds,why,74,False,False,False,"{53: 3, 70: 2, 34: 1, 54: 1, 64: 1, 44: 1, 38: 1, 27: 2, 8: 2, 61: 1, 6: 1, 50: 1, 17: 2, 48: 2, 4: 1, 30: 1, 56: 1, 28: 1}","[2754, 1423, 3444, 1353, 2265, 9281, 8596, 8406, 2928, 9791, 8029, 4604, 623, 2934, 9653, 4800, 3547, 66, 2368, 2756, 1590, 1281, 6663, 824, 2063]",1175,25,3,False,25
68,card linking,card linking,13,False,True,False,"{53: 3, 70: 2, 34: 1, 54: 1, 64: 1, 44: 1, 38: 1, 27: 2, 8: 2, 61: 1, 6: 1, 50: 1, 17: 2, 48: 2, 4: 1, 30: 1, 56: 1, 28: 1}","[2754, 1423, 3444, 1353, 2265, 9281, 8596, 8406, 2928, 9791, 8029, 4604, 623, 2934, 9653, 4800, 3547, 66, 2368, 2756, 1590, 1281, 6663, 824, 2063]",68,25,3,False,25
1551,change pin,pass,44,True,False,False,"{53: 3, 70: 2, 34: 1, 54: 1, 64: 1, 44: 1, 38: 1, 27: 2, 8: 2, 61: 1, 6: 1, 50: 1, 17: 2, 48: 2, 4: 1, 30: 1, 56: 1, 28: 1}","[2754, 1423, 3444, 1353, 2265, 9281, 8596, 8406, 2928, 9791, 8029, 4604, 623, 2934, 9653, 4800, 3547, 66, 2368, 2756, 1590, 1281, 6663, 824, 2063]",1551,25,3,False,25
1508,direct debit payment not recognised,direct,28,True,True,False,"{53: 3, 70: 2, 34: 1, 54: 1, 64: 1, 44: 1, 38: 1, 27: 2, 8: 2, 61: 1, 6: 1, 50: 1, 17: 2, 48: 2, 4: 1, 30: 1, 56: 1, 28: 1}","[2754, 1423, 3444, 1353, 2265, 9281, 8596, 8406, 2928, 9791, 8029, 4604, 623, 2934, 9653, 4800, 3547, 66, 2368, 2756, 1590, 1281, 6663, 824, 2063]",1508,25,3,False,25
2250,receiving money,receiving,50,True,True,False,"{53: 3, 70: 2, 34: 1, 54: 1, 64: 1, 44: 1, 38: 1, 27: 2, 8: 2, 61: 1, 6: 1, 50: 1, 17: 2, 48: 2, 4: 1, 30: 1, 56: 1, 28: 1}","[2754, 1423, 3444, 1353, 2265, 9281, 8596, 8406, 2928, 9791, 8029, 4604, 623, 2934, 9653, 4800, 3547, 66, 2368, 2756, 1590, 1281, 6663, 824, 2063]",2250,25,3,False,25
519,age limit,age,1,False,True,False,"{53: 3, 70: 2, 34: 1, 54: 1, 64: 1, 44: 1, 38: 1, 27: 2, 8: 2, 61: 1, 6: 1, 50: 1, 17: 2, 48: 2, 4: 1, 30: 1, 56: 1, 28: 1}","[2754, 1423, 3444, 1353, 2265, 9281, 8596, 8406, 2928, 9791, 8029, 4604, 623, 2934, 9653, 4800, 3547, 66, 2368, 2756, 1590, 1281, 6663, 824, 2063]",519,25,3,False,25
1731,transfer not received by recipient,declined transfer,27,True,False,False,"{53: 3, 70: 2, 34: 1, 54: 1, 64: 1, 44: 1, 38: 1, 27: 2, 8: 2, 61: 1, 6: 1, 50: 1, 17: 2, 48: 2, 4: 1, 30: 1, 56: 1, 28: 1}","[2754, 1423, 3444, 1353, 2265, 9281, 8596, 8406, 2928, 9791, 8029, 4604, 623, 2934, 9653, 4800, 3547, 66, 2368, 2756, 1590, 1281, 6663, 824, 2063]",1731,25,3,False,25
1210,failed transfer,unable,68,False,False,False,"{53: 3, 70: 2, 34: 1, 54: 1, 64: 1, 44: 1, 38: 1, 27: 2, 8: 2, 61: 1, 6: 1, 50: 1, 17: 2, 48: 2, 4: 1, 30: 1, 56: 1, 28: 1}","[2754, 1423, 3444, 1353, 2265, 9281, 8596, 8406, 2928, 9791, 8029, 4604, 623, 2934, 9653, 4800, 3547, 66, 2368, 2756, 1590, 1281, 6663, 824, 2063]",1210,25,3,False,25
1750,declined transfer,declined transfer,27,True,True,True,"{53: 3, 70: 2, 34: 1, 54: 1, 64: 1, 44: 1, 38: 1, 27: 2, 8: 2, 61: 1, 6: 1, 50: 1, 17: 2, 48: 2, 4: 1, 30: 1, 56: 1, 28: 1}","[2754, 1423, 3444, 1353, 2265, 9281, 8596, 8406, 2928, 9791, 8029, 4604, 623, 2934, 9653, 4800, 3547, 66, 2368, 2756, 1590, 1281, 6663, 824, 2063]",1750,25,3,False,25
1687,cancel transfer,request,52,False,False,False,"{53: 3, 70: 2, 34: 1, 54: 1, 64: 1, 44: 1, 38: 1, 27: 2, 8: 2, 61: 1, 6: 1, 50: 1, 17: 2, 48: 2, 4: 1, 30: 1, 56: 1, 28: 1}","[2754, 1423, 3444, 1353, 2265, 9281, 8596, 8406, 2928, 9791, 8029, 4604, 623, 2934, 9653, 4800, 3547, 66, 2368, 2756, 1590, 1281, 6663, 824, 2063]",1687,25,3,False,25
891,card payment not recognised,supported,54,True,False,False,"{53: 3, 70: 2, 34: 1, 54: 1, 64: 1, 44: 1, 38: 1, 27: 2, 8: 2, 61: 1, 6: 1, 50: 1, 17: 2, 48: 2, 4: 1, 30: 1, 56: 1, 28: 1}","[2754, 1423, 3444, 1353, 2265, 9281, 8596, 8406, 2928, 9791, 8029, 4604, 623, 2934, 9653, 4800, 3547, 66, 2368, 2756, 1590, 1281, 6663, 824, 2063]",891,25,3,False,25
1061,balance not updated after cheque or cash deposit,balance not updated after che,6,True,True,False,"{53: 3, 70: 2, 34: 1, 54: 1, 64: 1, 44: 1, 38: 1, 27: 2, 8: 2, 61: 1, 6: 1, 50: 1, 17: 2, 48: 2, 4: 1, 30: 1, 56: 1, 28: 1}","[2754, 1423, 3444, 1353, 2265, 9281, 8596, 8406, 2928, 9791, 8029, 4604, 623, 2934, 9653, 4800, 3547, 66, 2368, 2756, 1590, 1281, 6663, 824, 2063]",1061,25,3,False,25
2403,get physical card,getting spare,39,False,False,False,"{53: 3, 70: 2, 34: 1, 54: 1, 64: 1, 44: 1, 38: 1, 27: 2, 8: 2, 61: 1, 6: 1, 50: 1, 17: 2, 48: 2, 4: 1, 30: 1, 56: 1, 28: 1}","[2754, 1423, 3444, 1353, 2265, 9281, 8596, 8406, 2928, 9791, 8029, 4604, 623, 2934, 9653, 4800, 3547, 66, 2368, 2756, 1590, 1281, 6663, 824, 2063]",2403,25,3,False,25
1898,cancel transfer,terminate,55,False,False,False,"{53: 3, 70: 2, 34: 1, 54: 1, 64: 1, 44: 1, 38: 1, 27: 2, 8: 2, 61: 1, 6: 1, 50: 1, 17: 2, 48: 2, 4: 1, 30: 1, 56: 1, 28: 1}","[2754, 1423, 3444, 1353, 2265, 9281, 8596, 8406, 2928, 9791, 8029, 4604, 623, 2934, 9653, 4800, 3547, 66, 2368, 2756, 1590, 1281, 6663, 824, 2063]",1898,25,3,False,25
2978,apple pay or google pay,apple,2,False,True,False,"{53: 3, 70: 2, 34: 1, 54: 1, 64: 1, 44: 1, 38: 1, 27: 2, 8: 2, 61: 1, 6: 1, 50: 1, 17: 2, 48: 2, 4: 1, 30: 1, 56: 1, 28: 1}","[2754, 1423, 3444, 1353, 2265, 9281, 8596, 8406, 2928, 9791, 8029, 4604, 623, 2934, 9653, 4800, 3547, 66, 2368, 2756, 1590, 1281, 6663, 824, 2063]",2978,25,3,False,25
1427,card not working,comprom,22,False,False,False,"{53: 3, 70: 2, 34: 1, 54: 1, 64: 1, 44: 1, 38: 1, 27: 2, 8: 2, 61: 1, 6: 1, 50: 1, 17: 2, 48: 2, 4: 1, 30: 1, 56: 1, 28: 1}","[2754, 1423, 3444, 1353, 2265, 9281, 8596, 8406, 2928, 9791, 8029, 4604, 623, 2934, 9653, 4800, 3547, 66, 2368, 2756, 1590, 1281, 6663, 824, 2063]",1427,25,3,False,25
1526,wrong amount of cash received,pass,44,True,False,False,"{53: 3, 70: 2, 34: 1, 54: 1, 64: 1, 44: 1, 38: 1, 27: 2, 8: 2, 61: 1, 6: 1, 50: 1, 17: 2, 48: 2, 4: 1, 30: 1, 56: 1, 28: 1}","[2754, 1423, 3444, 1353, 2265, 9281, 8596, 8406, 2928, 9791, 8029, 4604, 623, 2934, 9653, 4800, 3547, 66, 2368, 2756, 1590, 1281, 6663, 824, 2063]",1526,25,3,False,25
824,extra charge on statement,card payment fee,15,False,False,False,"{53: 3, 70: 2, 34: 1, 54: 1, 64: 1, 44: 1, 38: 1, 27: 2, 8: 2, 61: 1, 6: 1, 50: 1, 17: 2, 48: 2, 4: 1, 30: 1, 56: 1, 28: 1}","[2754, 1423, 3444, 1353, 2265, 9281, 8596, 8406, 2928, 9791, 8029, 4604, 623, 2934, 9653, 4800, 3547, 66, 2368, 2756, 1590, 1281, 6663, 824, 2063]",824,25,3,False,25
1983,card payment wrong exchange rate,transaction,63,False,False,False,"{53: 3, 70: 2, 34: 1, 54: 1, 64: 1, 44: 1, 38: 1, 27: 2, 8: 2, 61: 1, 6: 1, 50: 1, 17: 2, 48: 2, 4: 1, 30: 1, 56: 1, 28: 1}","[2754, 1423, 3444, 1353, 2265, 9281, 8596, 8406, 2928, 9791, 8029, 4604, 623, 2934, 9653, 4800, 3547, 66, 2368, 2756, 1590, 1281, 6663, 824, 2063]",1983,25,3,False,25
2132,change pin,change,21,False,True,False,"{53: 3, 70: 2, 34: 1, 54: 1, 64: 1, 44: 1, 38: 1, 27: 2, 8: 2, 61: 1, 6: 1, 50: 1, 17: 2, 48: 2, 4: 1, 30: 1, 56: 1, 28: 1}","[2754, 1423, 3444, 1353, 2265, 9281, 8596, 8406, 2928, 9791, 8029, 4604, 623, 2934, 9653, 4800, 3547, 66, 2368, 2756, 1590, 1281, 6663, 824, 2063]",2132,25,3,False,25
418,change pin,exchange via,33,False,False,False,"{53: 3, 70: 2, 34: 1, 54: 1, 64: 1, 44: 1, 38: 1, 27: 2, 8: 2, 61: 1, 6: 1, 50: 1, 17: 2, 48: 2, 4: 1, 30: 1, 56: 1, 28: 1}","[2754, 1423, 3444, 1353, 2265, 9281, 8596, 8406, 2928, 9791, 8029, 4604, 623, 2934, 9653, 4800, 3547, 66, 2368, 2756, 1590, 1281, 6663, 824, 2063]",418,25,3,False,25
1345,transfer fee charged,to,62,False,False,False,"{53: 3, 70: 2, 34: 1, 54: 1, 64: 1, 44: 1, 38: 1, 27: 2, 8: 2, 61: 1, 6: 1, 50: 1, 17: 2, 48: 2, 4: 1, 30: 1, 56: 1, 28: 1}","[2754, 1423, 3444, 1353, 2265, 9281, 8596, 8406, 2928, 9791, 8029, 4604, 623, 2934, 9653, 4800, 3547, 66, 2368, 2756, 1590, 1281, 6663, 824, 2063]",1345,25,3,False,25
2829,top up by bank transfer charge,top up by card,57,False,False,False,"{53: 3, 70: 2, 34: 1, 54: 1, 64: 1, 44: 1, 38: 1, 27: 2, 8: 2, 61: 1, 6: 1, 50: 1, 17: 2, 48: 2, 4: 1, 30: 1, 56: 1, 28: 1}","[2754, 1423, 3444, 1353, 2265, 9281, 8596, 8406, 2928, 9791, 8029, 4604, 623, 2934, 9653, 4800, 3547, 66, 2368, 2756, 1590, 1281, 6663, 824, 2063]",2829,25,3,False,25
2489,card delivery estimate,order,43,False,False,False,"{53: 3, 70: 2, 34: 1, 54: 1, 64: 1, 44: 1, 38: 1, 27: 2, 8: 2, 61: 1, 6: 1, 50: 1, 17: 2, 48: 2, 4: 1, 30: 1, 56: 1, 28: 1}","[2754, 1423, 3444, 1353, 2265, 9281, 8596, 8406, 2928, 9791, 8029, 4604, 623, 2934, 9653, 4800, 3547, 66, 2368, 2756, 1590, 1281, 6663, 824, 2063]",2489,25,3,False,25
598,contactless not working,contact,23,False,True,False,"{53: 3, 70: 2, 34: 1, 54: 1, 64: 1, 44: 1, 38: 1, 27: 2, 8: 2, 61: 1, 6: 1, 50: 1, 17: 2, 48: 2, 4: 1, 30: 1, 56: 1, 28: 1}","[2754, 1423, 3444, 1353, 2265, 9281, 8596, 8406, 2928, 9791, 8029, 4604, 623, 2934, 9653, 4800, 3547, 66, 2368, 2756, 1590, 1281, 6663, 824, 2063]",598,25,3,False,25
804,extra charge on statement,card payment fee,15,False,False,False,"{53: 3, 70: 2, 34: 1, 54: 1, 64: 1, 44: 1, 38: 1, 27: 2, 8: 2, 61: 1, 6: 1, 50: 1, 17: 2, 48: 2, 4: 1, 30: 1, 56: 1, 28: 1}","[2754, 1423, 3444, 1353, 2265, 9281, 8596, 8406, 2928, 9791, 8029, 4604, 623, 2934, 9653, 4800, 3547, 66, 2368, 2756, 1590, 1281, 6663, 824, 2063]",804,25,3,False,25
3017,verify source of funds,verify my,69,False,False,False,"{53: 3, 70: 2, 34: 1, 54: 1, 64: 1, 44: 1, 38: 1, 27: 2, 8: 2, 61: 1, 6: 1, 50: 1, 17: 2, 48: 2, 4: 1, 30: 1, 56: 1, 28: 1}","[2754, 1423, 3444, 1353, 2265, 9281, 8596, 8406, 2928, 9791, 8029, 4604, 623, 2934, 9653, 4800, 3547, 66, 2368, 2756, 1590, 1281, 6663, 824, 2063]",3017,25,3,False,25
2589,exchange rate,wrong exchange,76,False,False,False,"{53: 3, 70: 2, 34: 1, 54: 1, 64: 1, 44: 1, 38: 1, 27: 2, 8: 2, 61: 1, 6: 1, 50: 1, 17: 2, 48: 2, 4: 1, 30: 1, 56: 1, 28: 1}","[2754, 1423, 3444, 1353, 2265, 9281, 8596, 8406, 2928, 9791, 8029, 4604, 623, 2934, 9653, 4800, 3547, 66, 2368, 2756, 1590, 1281, 6663, 824, 2063]",2589,25,3,False,25
2540,virtual card not working,virtual,72,False,True,False,"{53: 3, 70: 2, 34: 1, 54: 1, 64: 1, 44: 1, 38: 1, 27: 2, 8: 2, 61: 1, 6: 1, 50: 1, 17: 2, 48: 2, 4: 1, 30: 1, 56: 1, 28: 1}","[2754, 1423, 3444, 1353, 2265, 9281, 8596, 8406, 2928, 9791, 8029, 4604, 623, 2934, 9653, 4800, 3547, 66, 2368, 2756, 1590, 1281, 6663, 824, 2063]",2540,25,3,False,25
2908,card payment wrong exchange rate,cash withdrawal charge,19,False,False,False,"{53: 3, 70: 2, 34: 1, 54: 1, 64: 1, 44: 1, 38: 1, 27: 2, 8: 2, 61: 1, 6: 1, 50: 1, 17: 2, 48: 2, 4: 1, 30: 1, 56: 1, 28: 1}","[2754, 1423, 3444, 1353, 2265, 9281, 8596, 8406, 2928, 9791, 8029, 4604, 623, 2934, 9653, 4800, 3547, 66, 2368, 2756, 1590, 1281, 6663, 824, 2063]",2908,25,3,False,25
2968,apple pay or google pay,apple,2,False,True,False,"{53: 3, 70: 2, 34: 1, 54: 1, 64: 1, 44: 1, 38: 1, 27: 2, 8: 2, 61: 1, 6: 1, 50: 1, 17: 2, 48: 2, 4: 1, 30: 1, 56: 1, 28: 1}","[2754, 1423, 3444, 1353, 2265, 9281, 8596, 8406, 2928, 9791, 8029, 4604, 623, 2934, 9653, 4800, 3547, 66, 2368, 2756, 1590, 1281, 6663, 824, 2063]",2968,25,3,False,25
2747,atm support,cash withdrawal not,20,False,False,False,"{53: 3, 70: 2, 34: 1, 54: 1, 64: 1, 44: 1, 38: 1, 27: 2, 8: 2, 61: 1, 6: 1, 50: 1, 17: 2, 48: 2, 4: 1, 30: 1, 56: 1, 28: 1}","[2754, 1423, 3444, 1353, 2265, 9281, 8596, 8406, 2928, 9791, 8029, 4604, 623, 2934, 9653, 4800, 3547, 66, 2368, 2756, 1590, 1281, 6663, 824, 2063]",2747,25,3,False,25
1340,transfer fee charged,to,62,False,False,False,"{53: 3, 70: 2, 34: 1, 54: 1, 64: 1, 44: 1, 38: 1, 27: 2, 8: 2, 61: 1, 6: 1, 50: 1, 17: 2, 48: 2, 4: 1, 30: 1, 56: 1, 28: 1}","[2754, 1423, 3444, 1353, 2265, 9281, 8596, 8406, 2928, 9791, 8029, 4604, 623, 2934, 9653, 4800, 3547, 66, 2368, 2756, 1590, 1281, 6663, 824, 2063]",1340,25,3,False,25
1348,transfer fee charged,to,62,False,False,False,"{53: 3, 70: 2, 34: 1, 54: 1, 64: 1, 44: 1, 38: 1, 27: 2, 8: 2, 61: 1, 6: 1, 50: 1, 17: 2, 48: 2, 4: 1, 30: 1, 56: 1, 28: 1}","[2754, 1423, 3444, 1353, 2265, 9281, 8596, 8406, 2928, 9791, 8029, 4604, 623, 2934, 9653, 4800, 3547, 66, 2368, 2756, 1590, 1281, 6663, 824, 2063]",1348,25,3,False,25
1451,card not working,at,3,False,False,False,"{53: 3, 70: 2, 34: 1, 54: 1, 64: 1, 44: 1, 38: 1, 27: 2, 8: 2, 61: 1, 6: 1, 50: 1, 17: 2, 48: 2, 4: 1, 30: 1, 56: 1, 28: 1}","[2754, 1423, 3444, 1353, 2265, 9281, 8596, 8406, 2928, 9791, 8029, 4604, 623, 2934, 9653, 4800, 3547, 66, 2368, 2756, 1590, 1281, 6663, 824, 2063]",1451,25,3,False,25
2903,cash withdrawal charge,cash withdrawal charge,19,False,True,False,"{53: 3, 70: 2, 34: 1, 54: 1, 64: 1, 44: 1, 38: 1, 27: 2, 8: 2, 61: 1, 6: 1, 50: 1, 17: 2, 48: 2, 4: 1, 30: 1, 56: 1, 28: 1}","[2754, 1423, 3444, 1353, 2265, 9281, 8596, 8406, 2928, 9791, 8029, 4604, 623, 2934, 9653, 4800, 3547, 66, 2368, 2756, 1590, 1281, 6663, 824, 2063]",2903,25,3,False,25
1237,verify my identity,unable,68,False,False,False,"{53: 3, 70: 2, 34: 1, 54: 1, 64: 1, 44: 1, 38: 1, 27: 2, 8: 2, 61: 1, 6: 1, 50: 1, 17: 2, 48: 2, 4: 1, 30: 1, 56: 1, 28: 1}","[2754, 1423, 3444, 1353, 2265, 9281, 8596, 8406, 2928, 9791, 8029, 4604, 623, 2934, 9653, 4800, 3547, 66, 2368, 2756, 1590, 1281, 6663, 824, 2063]",1237,25,3,False,25
2119,card payment not recognised,revert,53,True,False,False,"{53: 3, 70: 2, 34: 1, 54: 1, 64: 1, 44: 1, 38: 1, 27: 2, 8: 2, 61: 1, 6: 1, 50: 1, 17: 2, 48: 2, 4: 1, 30: 1, 56: 1, 28: 1}","[2754, 1423, 3444, 1353, 2265, 9281, 8596, 8406, 2928, 9791, 8029, 4604, 623, 2934, 9653, 4800, 3547, 66, 2368, 2756, 1590, 1281, 6663, 824, 2063]",2119,25,3,False,25
652,pending top up,pending top,47,False,True,False,"{53: 3, 70: 2, 34: 1, 54: 1, 64: 1, 44: 1, 38: 1, 27: 2, 8: 2, 61: 1, 6: 1, 50: 1, 17: 2, 48: 2, 4: 1, 30: 1, 56: 1, 28: 1}","[2754, 1423, 3444, 1353, 2265, 9281, 8596, 8406, 2928, 9791, 8029, 4604, 623, 2934, 9653, 4800, 3547, 66, 2368, 2756, 1590, 1281, 6663, 824, 2063]",652,25,3,False,25
131,card payment wrong exchange rate,card payment wrong,17,True,True,False,"{53: 3, 70: 2, 34: 1, 54: 1, 64: 1, 44: 1, 38: 1, 27: 2, 8: 2, 61: 1, 6: 1, 50: 1, 17: 2, 48: 2, 4: 1, 30: 1, 56: 1, 28: 1}","[2754, 1423, 3444, 1353, 2265, 9281, 8596, 8406, 2928, 9791, 8029, 4604, 623, 2934, 9653, 4800, 3547, 66, 2368, 2756, 1590, 1281, 6663, 824, 2063]",131,25,3,False,25
949,virtual card not working,getting virtual,40,False,False,False,"{53: 3, 70: 2, 34: 1, 54: 1, 64: 1, 44: 1, 38: 1, 27: 2, 8: 2, 61: 1, 6: 1, 50: 1, 17: 2, 48: 2, 4: 1, 30: 1, 56: 1, 28: 1}","[2754, 1423, 3444, 1353, 2265, 9281, 8596, 8406, 2928, 9791, 8029, 4604, 623, 2934, 9653, 4800, 3547, 66, 2368, 2756, 1590, 1281, 6663, 824, 2063]",949,25,3,False,25
2528,virtual card not working,virtual,72,False,True,False,"{53: 3, 70: 2, 34: 1, 54: 1, 64: 1, 44: 1, 38: 1, 27: 2, 8: 2, 61: 1, 6: 1, 50: 1, 17: 2, 48: 2, 4: 1, 30: 1, 56: 1, 28: 1}","[2754, 1423, 3444, 1353, 2265, 9281, 8596, 8406, 2928, 9791, 8029, 4604, 623, 2934, 9653, 4800, 3547, 66, 2368, 2756, 1590, 1281, 6663, 824, 2063]",2528,25,3,False,25
2158,change pin,change,21,False,True,False,"{53: 3, 70: 2, 34: 1, 54: 1, 64: 1, 44: 1, 38: 1, 27: 2, 8: 2, 61: 1, 6: 1, 50: 1, 17: 2, 48: 2, 4: 1, 30: 1, 56: 1, 28: 1}","[2754, 1423, 3444, 1353, 2265, 9281, 8596, 8406, 2928, 9791, 8029, 4604, 623, 2934, 9653, 4800, 3547, 66, 2368, 2756, 1590, 1281, 6663, 824, 2063]",2158,25,3,False,25
2705,transfer not received by recipient,balance not updated after bank,5,False,False,False,"{53: 3, 70: 2, 34: 1, 54: 1, 64: 1, 44: 1, 38: 1, 27: 2, 8: 2, 61: 1, 6: 1, 50: 1, 17: 2, 48: 2, 4: 1, 30: 1, 56: 1, 28: 1}","[2754, 1423, 3444, 1353, 2265, 9281, 8596, 8406, 2928, 9791, 8029, 4604, 623, 2934, 9653, 4800, 3547, 66, 2368, 2756, 1590, 1281, 6663, 824, 2063]",2705,25,3,False,25
592,contactless not working,contact,23,False,True,False,"{53: 3, 70: 2, 34: 1, 54: 1, 64: 1, 44: 1, 38: 1, 27: 2, 8: 2, 61: 1, 6: 1, 50: 1, 17: 2, 48: 2, 4: 1, 30: 1, 56: 1, 28: 1}","[2754, 1423, 3444, 1353, 2265, 9281, 8596, 8406, 2928, 9791, 8029, 4604, 623, 2934, 9653, 4800, 3547, 66, 2368, 2756, 1590, 1281, 6663, 824, 2063]",592,25,3,False,25
2511,card delivery estimate,order,43,False,False,False,"{53: 3, 70: 2, 34: 1, 54: 1, 64: 1, 44: 1, 38: 1, 27: 2, 8: 2, 61: 1, 6: 1, 50: 1, 17: 2, 48: 2, 4: 1, 30: 1, 56: 1, 28: 1}","[2754, 1423, 3444, 1353, 2265, 9281, 8596, 8406, 2928, 9791, 8029, 4604, 623, 2934, 9653, 4800, 3547, 66, 2368, 2756, 1590, 1281, 6663, 824, 2063]",2511,25,3,False,25
1080,transaction charged twice,card payment not,16,False,False,False,"{53: 3, 70: 2, 34: 1, 54: 1, 64: 1, 44: 1, 38: 1, 27: 2, 8: 2, 61: 1, 6: 1, 50: 1, 17: 2, 48: 2, 4: 1, 30: 1, 56: 1, 28: 1}","[2754, 1423, 3444, 1353, 2265, 9281, 8596, 8406, 2928, 9791, 8029, 4604, 623, 2934, 9653, 4800, 3547, 66, 2368, 2756, 1590, 1281, 6663, 824, 2063]",1080,25,3,False,25
1361,top up by card charge,dispos,29,False,False,False,"{53: 3, 70: 2, 34: 1, 54: 1, 64: 1, 44: 1, 38: 1, 27: 2, 8: 2, 61: 1, 6: 1, 50: 1, 17: 2, 48: 2, 4: 1, 30: 1, 56: 1, 28: 1}","[2754, 1423, 3444, 1353, 2265, 9281, 8596, 8406, 2928, 9791, 8029, 4604, 623, 2934, 9653, 4800, 3547, 66, 2368, 2756, 1590, 1281, 6663, 824, 2063]",1361,25,3,False,25
448,card payment not recognised,lost or stolen card,41,False,False,False,"{53: 3, 70: 2, 34: 1, 54: 1, 64: 1, 44: 1, 38: 1, 27: 2, 8: 2, 61: 1, 6: 1, 50: 1, 17: 2, 48: 2, 4: 1, 30: 1, 56: 1, 28: 1}","[2754, 1423, 3444, 1353, 2265, 9281, 8596, 8406, 2928, 9791, 8029, 4604, 623, 2934, 9653, 4800, 3547, 66, 2368, 2756, 1590, 1281, 6663, 824, 2063]",448,25,3,False,25
18,get physical card,card arrival,11,False,False,False,"{53: 3, 70: 2, 34: 1, 54: 1, 64: 1, 44: 1, 38: 1, 27: 2, 8: 2, 61: 1, 6: 1, 50: 1, 17: 2, 48: 2, 4: 1, 30: 1, 56: 1, 28: 1}","[2754, 1423, 3444, 1353, 2265, 9281, 8596, 8406, 2928, 9791, 8029, 4604, 623, 2934, 9653, 4800, 3547, 66, 2368, 2756, 1590, 1281, 6663, 824, 2063]",18,25,3,False,25
1168,verify source of funds,why,74,False,False,False,"{53: 3, 70: 2, 34: 1, 54: 1, 64: 1, 44: 1, 38: 1, 27: 2, 8: 2, 61: 1, 6: 1, 50: 1, 17: 2, 48: 2, 4: 1, 30: 1, 56: 1, 28: 1}","[2754, 1423, 3444, 1353, 2265, 9281, 8596, 8406, 2928, 9791, 8029, 4604, 623, 2934, 9653, 4800, 3547, 66, 2368, 2756, 1590, 1281, 6663, 824, 2063]",1168,25,3,False,25
2396,top up by bank transfer charge,verify top,71,False,False,False,"{53: 3, 70: 2, 34: 1, 54: 1, 64: 1, 44: 1, 38: 1, 27: 2, 8: 2, 61: 1, 6: 1, 50: 1, 17: 2, 48: 2, 4: 1, 30: 1, 56: 1, 28: 1}","[2754, 1423, 3444, 1353, 2265, 9281, 8596, 8406, 2928, 9791, 8029, 4604, 623, 2934, 9653, 4800, 3547, 66, 2368, 2756, 1590, 1281, 6663, 824, 2063]",2396,25,3,False,25
362,card not working,card not,14,False,True,False,"{53: 3, 70: 2, 34: 1, 54: 1, 64: 1, 44: 1, 38: 1, 27: 2, 8: 2, 61: 1, 6: 1, 50: 1, 17: 2, 48: 2, 4: 1, 30: 1, 56: 1, 28: 1}","[2754, 1423, 3444, 1353, 2265, 9281, 8596, 8406, 2928, 9791, 8029, 4604, 623, 2934, 9653, 4800, 3547, 66, 2368, 2756, 1590, 1281, 6663, 824, 2063]",362,25,3,False,25
1456,get physical card,at,3,False,False,False,"{53: 3, 70: 2, 34: 1, 54: 1, 64: 1, 44: 1, 38: 1, 27: 2, 8: 2, 61: 1, 6: 1, 50: 1, 17: 2, 48: 2, 4: 1, 30: 1, 56: 1, 28: 1}","[2754, 1423, 3444, 1353, 2265, 9281, 8596, 8406, 2928, 9791, 8029, 4604, 623, 2934, 9653, 4800, 3547, 66, 2368, 2756, 1590, 1281, 6663, 824, 2063]",1456,25,3,False,25
1735,declined transfer,declined transfer,27,True,True,True,"{53: 3, 70: 2, 34: 1, 54: 1, 64: 1, 44: 1, 38: 1, 27: 2, 8: 2, 61: 1, 6: 1, 50: 1, 17: 2, 48: 2, 4: 1, 30: 1, 56: 1, 28: 1}","[2754, 1423, 3444, 1353, 2265, 9281, 8596, 8406, 2928, 9791, 8029, 4604, 623, 2934, 9653, 4800, 3547, 66, 2368, 2756, 1590, 1281, 6663, 824, 2063]",1735,25,3,False,25
2579,atm support,wrong exchange,76,False,False,False,"{53: 3, 70: 2, 34: 1, 54: 1, 64: 1, 44: 1, 38: 1, 27: 2, 8: 2, 61: 1, 6: 1, 50: 1, 17: 2, 48: 2, 4: 1, 30: 1, 56: 1, 28: 1}","[2754, 1423, 3444, 1353, 2265, 9281, 8596, 8406, 2928, 9791, 8029, 4604, 623, 2934, 9653, 4800, 3547, 66, 2368, 2756, 1590, 1281, 6663, 824, 2063]",2579,25,3,False,25
385,card payment not recognised,card not,14,False,False,False,"{53: 3, 70: 2, 34: 1, 54: 1, 64: 1, 44: 1, 38: 1, 27: 2, 8: 2, 61: 1, 6: 1, 50: 1, 17: 2, 48: 2, 4: 1, 30: 1, 56: 1, 28: 1}","[2754, 1423, 3444, 1353, 2265, 9281, 8596, 8406, 2928, 9791, 8029, 4604, 623, 2934, 9653, 4800, 3547, 66, 2368, 2756, 1590, 1281, 6663, 824, 2063]",385,25,3,False,25
2555,virtual card not working,virtual,72,False,True,False,"{53: 3, 70: 2, 34: 1, 54: 1, 64: 1, 44: 1, 38: 1, 27: 2, 8: 2, 61: 1, 6: 1, 50: 1, 17: 2, 48: 2, 4: 1, 30: 1, 56: 1, 28: 1}","[2754, 1423, 3444, 1353, 2265, 9281, 8596, 8406, 2928, 9791, 8029, 4604, 623, 2934, 9653, 4800, 3547, 66, 2368, 2756, 1590, 1281, 6663, 824, 2063]",2555,25,3,False,25
2307,failed transfer,failed,35,False,True,False,"{53: 3, 70: 2, 34: 1, 54: 1, 64: 1, 44: 1, 38: 1, 27: 2, 8: 2, 61: 1, 6: 1, 50: 1, 17: 2, 48: 2, 4: 1, 30: 1, 56: 1, 28: 1}","[2754, 1423, 3444, 1353, 2265, 9281, 8596, 8406, 2928, 9791, 8029, 4604, 623, 2934, 9653, 4800, 3547, 66, 2368, 2756, 1590, 1281, 6663, 824, 2063]",2307,25,3,False,25
1779,transfer fee charged,Ref,51,False,False,False,"{53: 3, 70: 2, 34: 1, 54: 1, 64: 1, 44: 1, 38: 1, 27: 2, 8: 2, 61: 1, 6: 1, 50: 1, 17: 2, 48: 2, 4: 1, 30: 1, 56: 1, 28: 1}","[2754, 1423, 3444, 1353, 2265, 9281, 8596, 8406, 2928, 9791, 8029, 4604, 623, 2934, 9653, 4800, 3547, 66, 2368, 2756, 1590, 1281, 6663, 824, 2063]",1779,25,3,False,25
1119,declined transfer,card payment not,16,False,False,True,"{53: 3, 70: 2, 34: 1, 54: 1, 64: 1, 44: 1, 38: 1, 27: 2, 8: 2, 61: 1, 6: 1, 50: 1, 17: 2, 48: 2, 4: 1, 30: 1, 56: 1, 28: 1}","[2754, 1423, 3444, 1353, 2265, 9281, 8596, 8406, 2928, 9791, 8029, 4604, 623, 2934, 9653, 4800, 3547, 66, 2368, 2756, 1590, 1281, 6663, 824, 2063]",1119,25,3,False,25
2104,reverted card payment?,revert,53,True,True,False,"{53: 3, 70: 2, 34: 1, 54: 1, 64: 1, 44: 1, 38: 1, 27: 2, 8: 2, 61: 1, 6: 1, 50: 1, 17: 2, 48: 2, 4: 1, 30: 1, 56: 1, 28: 1}","[2754, 1423, 3444, 1353, 2265, 9281, 8596, 8406, 2928, 9791, 8029, 4604, 623, 2934, 9653, 4800, 3547, 66, 2368, 2756, 1590, 1281, 6663, 824, 2063]",2104,25,3,False,25
713,cancel transfer,cancel,8,True,True,False,"{53: 3, 70: 2, 34: 1, 54: 1, 64: 1, 44: 1, 38: 1, 27: 2, 8: 2, 61: 1, 6: 1, 50: 1, 17: 2, 48: 2, 4: 1, 30: 1, 56: 1, 28: 1}","[2754, 1423, 3444, 1353, 2265, 9281, 8596, 8406, 2928, 9791, 8029, 4604, 623, 2934, 9653, 4800, 3547, 66, 2368, 2756, 1590, 1281, 6663, 824, 2063]",713,25,3,False,25
2077,transfer fee charged,transfer timing,67,False,False,False,"{53: 3, 70: 2, 34: 1, 54: 1, 64: 1, 44: 1, 38: 1, 27: 2, 8: 2, 61: 1, 6: 1, 50: 1, 17: 2, 48: 2, 4: 1, 30: 1, 56: 1, 28: 1}","[2754, 1423, 3444, 1353, 2265, 9281, 8596, 8406, 2928, 9791, 8029, 4604, 623, 2934, 9653, 4800, 3547, 66, 2368, 2756, 1590, 1281, 6663, 824, 2063]",2077,25,3,False,25
1671,lost or stolen phone,lost or stolen phone,42,False,True,False,"{53: 3, 70: 2, 34: 1, 54: 1, 64: 1, 44: 1, 38: 1, 27: 2, 8: 2, 61: 1, 6: 1, 50: 1, 17: 2, 48: 2, 4: 1, 30: 1, 56: 1, 28: 1}","[2754, 1423, 3444, 1353, 2265, 9281, 8596, 8406, 2928, 9791, 8029, 4604, 623, 2934, 9653, 4800, 3547, 66, 2368, 2756, 1590, 1281, 6663, 824, 2063]",1671,25,3,False,25
1150,change pin,edit,30,True,False,False,"{53: 3, 70: 2, 34: 1, 54: 1, 64: 1, 44: 1, 38: 1, 27: 2, 8: 2, 61: 1, 6: 1, 50: 1, 17: 2, 48: 2, 4: 1, 30: 1, 56: 1, 28: 1}","[2754, 1423, 3444, 1353, 2265, 9281, 8596, 8406, 2928, 9791, 8029, 4604, 623, 2934, 9653, 4800, 3547, 66, 2368, 2756, 1590, 1281, 6663, 824, 2063]",1150,25,3,False,25
1491,wrong amount of cash received,direct,28,True,False,False,"{53: 3, 70: 2, 34: 1, 54: 1, 64: 1, 44: 1, 38: 1, 27: 2, 8: 2, 61: 1, 6: 1, 50: 1, 17: 2, 48: 2, 4: 1, 30: 1, 56: 1, 28: 1}","[2754, 1423, 3444, 1353, 2265, 9281, 8596, 8406, 2928, 9791, 8029, 4604, 623, 2934, 9653, 4800, 3547, 66, 2368, 2756, 1590, 1281, 6663, 824, 2063]",1491,25,3,False,25
2610,disposable card limits,get dispos,37,False,False,False,"{53: 3, 70: 2, 34: 1, 54: 1, 64: 1, 44: 1, 38: 1, 27: 2, 8: 2, 61: 1, 6: 1, 50: 1, 17: 2, 48: 2, 4: 1, 30: 1, 56: 1, 28: 1}","[2754, 1423, 3444, 1353, 2265, 9281, 8596, 8406, 2928, 9791, 8029, 4604, 623, 2934, 9653, 4800, 3547, 66, 2368, 2756, 1590, 1281, 6663, 824, 2063]",2610,25,3,False,25
1729,declined transfer,declined transfer,27,True,True,True,"{53: 3, 70: 2, 34: 1, 54: 1, 64: 1, 44: 1, 38: 1, 27: 2, 8: 2, 61: 1, 6: 1, 50: 1, 17: 2, 48: 2, 4: 1, 30: 1, 56: 1, 28: 1}","[2754, 1423, 3444, 1353, 2265, 9281, 8596, 8406, 2928, 9791, 8029, 4604, 623, 2934, 9653, 4800, 3547, 66, 2368, 2756, 1590, 1281, 6663, 824, 2063]",1729,25,3,False,25
1360,get disposable virtual card,dispos,29,False,False,False,"{53: 3, 70: 2, 34: 1, 54: 1, 64: 1, 44: 1, 38: 1, 27: 2, 8: 2, 61: 1, 6: 1, 50: 1, 17: 2, 48: 2, 4: 1, 30: 1, 56: 1, 28: 1}","[2754, 1423, 3444, 1353, 2265, 9281, 8596, 8406, 2928, 9791, 8029, 4604, 623, 2934, 9653, 4800, 3547, 66, 2368, 2756, 1590, 1281, 6663, 824, 2063]",1360,25,3,False,25
1397,virtual card not working,dispos,29,False,False,False,"{53: 3, 70: 2, 34: 1, 54: 1, 64: 1, 44: 1, 38: 1, 27: 2, 8: 2, 61: 1, 6: 1, 50: 1, 17: 2, 48: 2, 4: 1, 30: 1, 56: 1, 28: 1}","[2754, 1423, 3444, 1353, 2265, 9281, 8596, 8406, 2928, 9791, 8029, 4604, 623, 2934, 9653, 4800, 3547, 66, 2368, 2756, 1590, 1281, 6663, 824, 2063]",1397,25,3,False,25
842,pending transfer,transfer not,66,False,False,True,"{53: 3, 70: 2, 34: 1, 54: 1, 64: 1, 44: 1, 38: 1, 27: 2, 8: 2, 61: 1, 6: 1, 50: 1, 17: 2, 48: 2, 4: 1, 30: 1, 56: 1, 28: 1}","[2754, 1423, 3444, 1353, 2265, 9281, 8596, 8406, 2928, 9791, 8029, 4604, 623, 2934, 9653, 4800, 3547, 66, 2368, 2756, 1590, 1281, 6663, 824, 2063]",842,25,3,False,25
2504,get physical card,order,43,False,False,False,"{53: 3, 70: 2, 34: 1, 54: 1, 64: 1, 44: 1, 38: 1, 27: 2, 8: 2, 61: 1, 6: 1, 50: 1, 17: 2, 48: 2, 4: 1, 30: 1, 56: 1, 28: 1}","[2754, 1423, 3444, 1353, 2265, 9281, 8596, 8406, 2928, 9791, 8029, 4604, 623, 2934, 9653, 4800, 3547, 66, 2368, 2756, 1590, 1281, 6663, 824, 2063]",2504,25,3,False,25
538,card not working,pin,49,False,False,False,"{53: 3, 70: 2, 34: 1, 54: 1, 64: 1, 44: 1, 38: 1, 27: 2, 8: 2, 61: 1, 6: 1, 50: 1, 17: 2, 48: 2, 4: 1, 30: 1, 56: 1, 28: 1}","[2754, 1423, 3444, 1353, 2265, 9281, 8596, 8406, 2928, 9791, 8029, 4604, 623, 2934, 9653, 4800, 3547, 66, 2368, 2756, 1590, 1281, 6663, 824, 2063]",538,25,3,False,25
2020,verify source of funds,verify source,70,True,True,False,"{53: 3, 70: 2, 34: 1, 54: 1, 64: 1, 44: 1, 38: 1, 27: 2, 8: 2, 61: 1, 6: 1, 50: 1, 17: 2, 48: 2, 4: 1, 30: 1, 56: 1, 28: 1}","[2754, 1423, 3444, 1353, 2265, 9281, 8596, 8406, 2928, 9791, 8029, 4604, 623, 2934, 9653, 4800, 3547, 66, 2368, 2756, 1590, 1281, 6663, 824, 2063]",2020,25,3,False,25
769,wrong amount of cash received,wrong amount,75,False,True,False,"{53: 3, 70: 2, 34: 1, 54: 1, 64: 1, 44: 1, 38: 1, 27: 2, 8: 2, 61: 1, 6: 1, 50: 1, 17: 2, 48: 2, 4: 1, 30: 1, 56: 1, 28: 1}","[2754, 1423, 3444, 1353, 2265, 9281, 8596, 8406, 2928, 9791, 8029, 4604, 623, 2934, 9653, 4800, 3547, 66, 2368, 2756, 1590, 1281, 6663, 824, 2063]",769,25,3,False,25
945,get physical card,getting virtual,40,False,False,False,"{53: 3, 70: 2, 34: 1, 54: 1, 64: 1, 44: 1, 38: 1, 27: 2, 8: 2, 61: 1, 6: 1, 50: 1, 17: 2, 48: 2, 4: 1, 30: 1, 56: 1, 28: 1}","[2754, 1423, 3444, 1353, 2265, 9281, 8596, 8406, 2928, 9791, 8029, 4604, 623, 2934, 9653, 4800, 3547, 66, 2368, 2756, 1590, 1281, 6663, 824, 2063]",945,25,3,False,25
1591,atm support,declined c,26,False,False,False,"{53: 3, 70: 2, 34: 1, 54: 1, 64: 1, 44: 1, 38: 1, 27: 2, 8: 2, 61: 1, 6: 1, 50: 1, 17: 2, 48: 2, 4: 1, 30: 1, 56: 1, 28: 1}","[2754, 1423, 3444, 1353, 2265, 9281, 8596, 8406, 2928, 9791, 8029, 4604, 623, 2934, 9653, 4800, 3547, 66, 2368, 2756, 1590, 1281, 6663, 824, 2063]",1591,25,3,False,25
1818,declined transfer,declined card,25,False,False,True,"{53: 3, 70: 2, 34: 1, 54: 1, 64: 1, 44: 1, 38: 1, 27: 2, 8: 2, 61: 1, 6: 1, 50: 1, 17: 2, 48: 2, 4: 1, 30: 1, 56: 1, 28: 1}","[2754, 1423, 3444, 1353, 2265, 9281, 8596, 8406, 2928, 9791, 8029, 4604, 623, 2934, 9653, 4800, 3547, 66, 2368, 2756, 1590, 1281, 6663, 824, 2063]",1818,25,3,False,25
1876,transfer not received by recipient,pending transfer,48,True,False,False,"{53: 3, 70: 2, 34: 1, 54: 1, 64: 1, 44: 1, 38: 1, 27: 2, 8: 2, 61: 1, 6: 1, 50: 1, 17: 2, 48: 2, 4: 1, 30: 1, 56: 1, 28: 1}","[2754, 1423, 3444, 1353, 2265, 9281, 8596, 8406, 2928, 9791, 8029, 4604, 623, 2934, 9653, 4800, 3547, 66, 2368, 2756, 1590, 1281, 6663, 824, 2063]",1876,25,3,False,25
3031,verify my identity,verify my,69,False,True,False,"{53: 3, 70: 2, 34: 1, 54: 1, 64: 1, 44: 1, 38: 1, 27: 2, 8: 2, 61: 1, 6: 1, 50: 1, 17: 2, 48: 2, 4: 1, 30: 1, 56: 1, 28: 1}","[2754, 1423, 3444, 1353, 2265, 9281, 8596, 8406, 2928, 9791, 8029, 4604, 623, 2934, 9653, 4800, 3547, 66, 2368, 2756, 1590, 1281, 6663, 824, 2063]",3031,25,3,False,25
1992,transaction charged twice,transaction,63,False,True,False,"{53: 3, 70: 2, 34: 1, 54: 1, 64: 1, 44: 1, 38: 1, 27: 2, 8: 2, 61: 1, 6: 1, 50: 1, 17: 2, 48: 2, 4: 1, 30: 1, 56: 1, 28: 1}","[2754, 1423, 3444, 1353, 2265, 9281, 8596, 8406, 2928, 9791, 8029, 4604, 623, 2934, 9653, 4800, 3547, 66, 2368, 2756, 1590, 1281, 6663, 824, 2063]",1992,25,3,False,25
2997,top up by card charge,apple,2,False,False,False,"{53: 3, 70: 2, 34: 1, 54: 1, 64: 1, 44: 1, 38: 1, 27: 2, 8: 2, 61: 1, 6: 1, 50: 1, 17: 2, 48: 2, 4: 1, 30: 1, 56: 1, 28: 1}","[2754, 1423, 3444, 1353, 2265, 9281, 8596, 8406, 2928, 9791, 8029, 4604, 623, 2934, 9653, 4800, 3547, 66, 2368, 2756, 1590, 1281, 6663, 824, 2063]",2997,25,3,False,25
1228,verify source of funds,unable,68,False,False,False,"{53: 3, 70: 2, 34: 1, 54: 1, 64: 1, 44: 1, 38: 1, 27: 2, 8: 2, 61: 1, 6: 1, 50: 1, 17: 2, 48: 2, 4: 1, 30: 1, 56: 1, 28: 1}","[2754, 1423, 3444, 1353, 2265, 9281, 8596, 8406, 2928, 9791, 8029, 4604, 623, 2934, 9653, 4800, 3547, 66, 2368, 2756, 1590, 1281, 6663, 824, 2063]",1228,25,3,False,25
1682,get physical card,request,52,False,False,False,"{53: 3, 70: 2, 34: 1, 54: 1, 64: 1, 44: 1, 38: 1, 27: 2, 8: 2, 61: 1, 6: 1, 50: 1, 17: 2, 48: 2, 4: 1, 30: 1, 56: 1, 28: 1}","[2754, 1423, 3444, 1353, 2265, 9281, 8596, 8406, 2928, 9791, 8029, 4604, 623, 2934, 9653, 4800, 3547, 66, 2368, 2756, 1590, 1281, 6663, 824, 2063]",1682,25,3,False,25
469,card payment not recognised,lost or stolen card,41,False,False,False,"{53: 3, 70: 2, 34: 1, 54: 1, 64: 1, 44: 1, 38: 1, 27: 2, 8: 2, 61: 1, 6: 1, 50: 1, 17: 2, 48: 2, 4: 1, 30: 1, 56: 1, 28: 1}","[2754, 1423, 3444, 1353, 2265, 9281, 8596, 8406, 2928, 9791, 8029, 4604, 623, 2934, 9653, 4800, 3547, 66, 2368, 2756, 1590, 1281, 6663, 824, 2063]",469,25,3,False,25
2325,transfer into account,transfer into,65,False,True,False,"{53: 3, 70: 2, 34: 1, 54: 1, 64: 1, 44: 1, 38: 1, 27: 2, 8: 2, 61: 1, 6: 1, 50: 1, 17: 2, 48: 2, 4: 1, 30: 1, 56: 1, 28: 1}","[2754, 1423, 3444, 1353, 2265, 9281, 8596, 8406, 2928, 9791, 8029, 4604, 623, 2934, 9653, 4800, 3547, 66, 2368, 2756, 1590, 1281, 6663, 824, 2063]",2325,25,3,False,25
732,top up limits,top up limits,60,False,True,False,"{53: 3, 70: 2, 34: 1, 54: 1, 64: 1, 44: 1, 38: 1, 27: 2, 8: 2, 61: 1, 6: 1, 50: 1, 17: 2, 48: 2, 4: 1, 30: 1, 56: 1, 28: 1}","[2754, 1423, 3444, 1353, 2265, 9281, 8596, 8406, 2928, 9791, 8029, 4604, 623, 2934, 9653, 4800, 3547, 66, 2368, 2756, 1590, 1281, 6663, 824, 2063]",732,25,3,False,25
820,card payment fee charged,card payment fee,15,False,True,False,"{53: 3, 70: 2, 34: 1, 54: 1, 64: 1, 44: 1, 38: 1, 27: 2, 8: 2, 61: 1, 6: 1, 50: 1, 17: 2, 48: 2, 4: 1, 30: 1, 56: 1, 28: 1}","[2754, 1423, 3444, 1353, 2265, 9281, 8596, 8406, 2928, 9791, 8029, 4604, 623, 2934, 9653, 4800, 3547, 66, 2368, 2756, 1590, 1281, 6663, 824, 2063]",820,25,3,False,25
2990,top up by card charge,apple,2,False,False,False,"{53: 3, 70: 2, 34: 1, 54: 1, 64: 1, 44: 1, 38: 1, 27: 2, 8: 2, 61: 1, 6: 1, 50: 1, 17: 2, 48: 2, 4: 1, 30: 1, 56: 1, 28: 1}","[2754, 1423, 3444, 1353, 2265, 9281, 8596, 8406, 2928, 9791, 8029, 4604, 623, 2934, 9653, 4800, 3547, 66, 2368, 2756, 1590, 1281, 6663, 824, 2063]",2990,25,3,False,25
1732,declined transfer,declined transfer,27,True,True,True,"{53: 3, 70: 2, 34: 1, 54: 1, 64: 1, 44: 1, 38: 1, 27: 2, 8: 2, 61: 1, 6: 1, 50: 1, 17: 2, 48: 2, 4: 1, 30: 1, 56: 1, 28: 1}","[2754, 1423, 3444, 1353, 2265, 9281, 8596, 8406, 2928, 9791, 8029, 4604, 623, 2934, 9653, 4800, 3547, 66, 2368, 2756, 1590, 1281, 6663, 824, 2063]",1732,25,3,False,25
1252,pin blocked,get physical,38,True,False,False,"{53: 3, 70: 2, 34: 1, 54: 1, 64: 1, 44: 1, 38: 1, 27: 2, 8: 2, 61: 1, 6: 1, 50: 1, 17: 2, 48: 2, 4: 1, 30: 1, 56: 1, 28: 1}","[2754, 1423, 3444, 1353, 2265, 9281, 8596, 8406, 2928, 9791, 8029, 4604, 623, 2934, 9653, 4800, 3547, 66, 2368, 2756, 1590, 1281, 6663, 824, 2063]",1252,25,3,False,25
227,pending card payment,pending c,46,False,False,False,"{53: 3, 70: 2, 34: 1, 54: 1, 64: 1, 44: 1, 38: 1, 27: 2, 8: 2, 61: 1, 6: 1, 50: 1, 17: 2, 48: 2, 4: 1, 30: 1, 56: 1, 28: 1}","[2754, 1423, 3444, 1353, 2265, 9281, 8596, 8406, 2928, 9791, 8029, 4604, 623, 2934, 9653, 4800, 3547, 66, 2368, 2756, 1590, 1281, 6663, 824, 2063]",227,25,3,False,25
1962,wrong amount of cash received,transaction,63,False,False,False,"{53: 3, 70: 2, 34: 1, 54: 1, 64: 1, 44: 1, 38: 1, 27: 2, 8: 2, 61: 1, 6: 1, 50: 1, 17: 2, 48: 2, 4: 1, 30: 1, 56: 1, 28: 1}","[2754, 1423, 3444, 1353, 2265, 9281, 8596, 8406, 2928, 9791, 8029, 4604, 623, 2934, 9653, 4800, 3547, 66, 2368, 2756, 1590, 1281, 6663, 824, 2063]",1962,25,3,False,25
400,exchange rate,exchange via,33,False,False,False,"{53: 3, 70: 2, 34: 1, 54: 1, 64: 1, 44: 1, 38: 1, 27: 2, 8: 2, 61: 1, 6: 1, 50: 1, 17: 2, 48: 2, 4: 1, 30: 1, 56: 1, 28: 1}","[2754, 1423, 3444, 1353, 2265, 9281, 8596, 8406, 2928, 9791, 8029, 4604, 623, 2934, 9653, 4800, 3547, 66, 2368, 2756, 1590, 1281, 6663, 824, 2063]",400,25,3,False,25
1134,change pin,edit,30,True,False,False,"{53: 3, 70: 2, 34: 1, 54: 1, 64: 1, 44: 1, 38: 1, 27: 2, 8: 2, 61: 1, 6: 1, 50: 1, 17: 2, 48: 2, 4: 1, 30: 1, 56: 1, 28: 1}","[2754, 1423, 3444, 1353, 2265, 9281, 8596, 8406, 2928, 9791, 8029, 4604, 623, 2934, 9653, 4800, 3547, 66, 2368, 2756, 1590, 1281, 6663, 824, 2063]",1134,25,3,False,25
59,card not working,card linking,13,False,False,False,"{53: 3, 70: 2, 34: 1, 54: 1, 64: 1, 44: 1, 38: 1, 27: 2, 8: 2, 61: 1, 6: 1, 50: 1, 17: 2, 48: 2, 4: 1, 30: 1, 56: 1, 28: 1}","[2754, 1423, 3444, 1353, 2265, 9281, 8596, 8406, 2928, 9791, 8029, 4604, 623, 2934, 9653, 4800, 3547, 66, 2368, 2756, 1590, 1281, 6663, 824, 2063]",59,25,3,False,25
2256,transfer fee charged,receiving,50,True,False,False,"{53: 3, 70: 2, 34: 1, 54: 1, 64: 1, 44: 1, 38: 1, 27: 2, 8: 2, 61: 1, 6: 1, 50: 1, 17: 2, 48: 2, 4: 1, 30: 1, 56: 1, 28: 1}","[2754, 1423, 3444, 1353, 2265, 9281, 8596, 8406, 2928, 9791, 8029, 4604, 623, 2934, 9653, 4800, 3547, 66, 2368, 2756, 1590, 1281, 6663, 824, 2063]",2256,25,3,False,25
853,transfer not received by recipient,transfer not,66,False,True,False,"{53: 3, 70: 2, 34: 1, 54: 1, 64: 1, 44: 1, 38: 1, 27: 2, 8: 2, 61: 1, 6: 1, 50: 1, 17: 2, 48: 2, 4: 1, 30: 1, 56: 1, 28: 1}","[2754, 1423, 3444, 1353, 2265, 9281, 8596, 8406, 2928, 9791, 8029, 4604, 623, 2934, 9653, 4800, 3547, 66, 2368, 2756, 1590, 1281, 6663, 824, 2063]",853,25,3,False,25
2777,exchange rate,exchange charge,31,False,False,False,"{53: 3, 70: 2, 34: 1, 54: 1, 64: 1, 44: 1, 38: 1, 27: 2, 8: 2, 61: 1, 6: 1, 50: 1, 17: 2, 48: 2, 4: 1, 30: 1, 56: 1, 28: 1}","[2754, 1423, 3444, 1353, 2265, 9281, 8596, 8406, 2928, 9791, 8029, 4604, 623, 2934, 9653, 4800, 3547, 66, 2368, 2756, 1590, 1281, 6663, 824, 2063]",2777,25,3,False,25
1538,passcode forgotten,pass,44,True,True,False,"{53: 3, 70: 2, 34: 1, 54: 1, 64: 1, 44: 1, 38: 1, 27: 2, 8: 2, 61: 1, 6: 1, 50: 1, 17: 2, 48: 2, 4: 1, 30: 1, 56: 1, 28: 1}","[2754, 1423, 3444, 1353, 2265, 9281, 8596, 8406, 2928, 9791, 8029, 4604, 623, 2934, 9653, 4800, 3547, 66, 2368, 2756, 1590, 1281, 6663, 824, 2063]",1538,25,3,False,25
2109,cancel transfer,revert,53,True,False,False,"{53: 3, 70: 2, 34: 1, 54: 1, 64: 1, 44: 1, 38: 1, 27: 2, 8: 2, 61: 1, 6: 1, 50: 1, 17: 2, 48: 2, 4: 1, 30: 1, 56: 1, 28: 1}","[2754, 1423, 3444, 1353, 2265, 9281, 8596, 8406, 2928, 9791, 8029, 4604, 623, 2934, 9653, 4800, 3547, 66, 2368, 2756, 1590, 1281, 6663, 824, 2063]",2109,25,3,False,25
305,get physical card,card delivery,12,False,False,False,"{53: 3, 70: 2, 34: 1, 54: 1, 64: 1, 44: 1, 38: 1, 27: 2, 8: 2, 61: 1, 6: 1, 50: 1, 17: 2, 48: 2, 4: 1, 30: 1, 56: 1, 28: 1}","[2754, 1423, 3444, 1353, 2265, 9281, 8596, 8406, 2928, 9791, 8029, 4604, 623, 2934, 9653, 4800, 3547, 66, 2368, 2756, 1590, 1281, 6663, 824, 2063]",305,25,3,False,25
711,cancel transfer,cancel,8,True,True,False,"{53: 3, 70: 2, 34: 1, 54: 1, 64: 1, 44: 1, 38: 1, 27: 2, 8: 2, 61: 1, 6: 1, 50: 1, 17: 2, 48: 2, 4: 1, 30: 1, 56: 1, 28: 1}","[2754, 1423, 3444, 1353, 2265, 9281, 8596, 8406, 2928, 9791, 8029, 4604, 623, 2934, 9653, 4800, 3547, 66, 2368, 2756, 1590, 1281, 6663, 824, 2063]",711,25,3,False,25
2927,card delivery estimate,card about,9,False,False,False,"{53: 3, 70: 2, 34: 1, 54: 1, 64: 1, 44: 1, 38: 1, 27: 2, 8: 2, 61: 1, 6: 1, 50: 1, 17: 2, 48: 2, 4: 1, 30: 1, 56: 1, 28: 1}","[2754, 1423, 3444, 1353, 2265, 9281, 8596, 8406, 2928, 9791, 8029, 4604, 623, 2934, 9653, 4800, 3547, 66, 2368, 2756, 1590, 1281, 6663, 824, 2063]",2927,25,3,False,25
2623,get disposable virtual card,get dispos,37,False,True,False,"{53: 3, 70: 2, 34: 1, 54: 1, 64: 1, 44: 1, 38: 1, 27: 2, 8: 2, 61: 1, 6: 1, 50: 1, 17: 2, 48: 2, 4: 1, 30: 1, 56: 1, 28: 1}","[2754, 1423, 3444, 1353, 2265, 9281, 8596, 8406, 2928, 9791, 8029, 4604, 623, 2934, 9653, 4800, 3547, 66, 2368, 2756, 1590, 1281, 6663, 824, 2063]",2623,25,3,False,25
271,exchange rate,fi,36,False,False,False,"{53: 3, 70: 2, 34: 1, 54: 1, 64: 1, 44: 1, 38: 1, 27: 2, 8: 2, 61: 1, 6: 1, 50: 1, 17: 2, 48: 2, 4: 1, 30: 1, 56: 1, 28: 1}","[2754, 1423, 3444, 1353, 2265, 9281, 8596, 8406, 2928, 9791, 8029, 4604, 623, 2934, 9653, 4800, 3547, 66, 2368, 2756, 1590, 1281, 6663, 824, 2063]",271,25,3,False,25
1023,reverted card payment?,top up revert,61,True,False,False,"{53: 3, 70: 2, 34: 1, 54: 1, 64: 1, 44: 1, 38: 1, 27: 2, 8: 2, 61: 1, 6: 1, 50: 1, 17: 2, 48: 2, 4: 1, 30: 1, 56: 1, 28: 1}","[2754, 1423, 3444, 1353, 2265, 9281, 8596, 8406, 2928, 9791, 8029, 4604, 623, 2934, 9653, 4800, 3547, 66, 2368, 2756, 1590, 1281, 6663, 824, 2063]",1023,25,3,False,25
470,lost or stolen card,lost or stolen card,41,False,True,False,"{53: 3, 70: 2, 34: 1, 54: 1, 64: 1, 44: 1, 38: 1, 27: 2, 8: 2, 61: 1, 6: 1, 50: 1, 17: 2, 48: 2, 4: 1, 30: 1, 56: 1, 28: 1}","[2754, 1423, 3444, 1353, 2265, 9281, 8596, 8406, 2928, 9791, 8029, 4604, 623, 2934, 9653, 4800, 3547, 66, 2368, 2756, 1590, 1281, 6663, 824, 2063]",470,25,3,False,25
2779,exchange rate,exchange charge,31,False,False,False,"{53: 3, 70: 2, 34: 1, 54: 1, 64: 1, 44: 1, 38: 1, 27: 2, 8: 2, 61: 1, 6: 1, 50: 1, 17: 2, 48: 2, 4: 1, 30: 1, 56: 1, 28: 1}","[2754, 1423, 3444, 1353, 2265, 9281, 8596, 8406, 2928, 9791, 8029, 4604, 623, 2934, 9653, 4800, 3547, 66, 2368, 2756, 1590, 1281, 6663, 824, 2063]",2779,25,3,False,25
1170,verify source of funds,why,74,False,False,False,"{53: 3, 70: 2, 34: 1, 54: 1, 64: 1, 44: 1, 38: 1, 27: 2, 8: 2, 61: 1, 6: 1, 50: 1, 17: 2, 48: 2, 4: 1, 30: 1, 56: 1, 28: 1}","[2754, 1423, 3444, 1353, 2265, 9281, 8596, 8406, 2928, 9791, 8029, 4604, 623, 2934, 9653, 4800, 3547, 66, 2368, 2756, 1590, 1281, 6663, 824, 2063]",1170,25,3,False,25
1886,cancel transfer,terminate,55,False,False,False,"{53: 3, 70: 2, 34: 1, 54: 1, 64: 1, 44: 1, 38: 1, 27: 2, 8: 2, 61: 1, 6: 1, 50: 1, 17: 2, 48: 2, 4: 1, 30: 1, 56: 1, 28: 1}","[2754, 1423, 3444, 1353, 2265, 9281, 8596, 8406, 2928, 9791, 8029, 4604, 623, 2934, 9653, 4800, 3547, 66, 2368, 2756, 1590, 1281, 6663, 824, 2063]",1886,25,3,False,25
2723,cash withdrawal not recognised,cash withdrawal not,20,False,True,False,"{53: 3, 70: 2, 34: 1, 54: 1, 64: 1, 44: 1, 38: 1, 27: 2, 8: 2, 61: 1, 6: 1, 50: 1, 17: 2, 48: 2, 4: 1, 30: 1, 56: 1, 28: 1}","[2754, 1423, 3444, 1353, 2265, 9281, 8596, 8406, 2928, 9791, 8029, 4604, 623, 2934, 9653, 4800, 3547, 66, 2368, 2756, 1590, 1281, 6663, 824, 2063]",2723,25,3,False,25
915,supported cards and currencies,supported,54,True,True,False,"{53: 3, 70: 2, 34: 1, 54: 1, 64: 1, 44: 1, 38: 1, 27: 2, 8: 2, 61: 1, 6: 1, 50: 1, 17: 2, 48: 2, 4: 1, 30: 1, 56: 1, 28: 1}","[2754, 1423, 3444, 1353, 2265, 9281, 8596, 8406, 2928, 9791, 8029, 4604, 623, 2934, 9653, 4800, 3547, 66, 2368, 2756, 1590, 1281, 6663, 824, 2063]",915,25,3,False,25
2626,get disposable virtual card,get dispos,37,False,True,False,"{53: 3, 70: 2, 34: 1, 54: 1, 64: 1, 44: 1, 38: 1, 27: 2, 8: 2, 61: 1, 6: 1, 50: 1, 17: 2, 48: 2, 4: 1, 30: 1, 56: 1, 28: 1}","[2754, 1423, 3444, 1353, 2265, 9281, 8596, 8406, 2928, 9791, 8029, 4604, 623, 2934, 9653, 4800, 3547, 66, 2368, 2756, 1590, 1281, 6663, 824, 2063]",2626,25,3,False,25
2604,virtual card not working,get dispos,37,False,False,False,"{53: 3, 70: 2, 34: 1, 54: 1, 64: 1, 44: 1, 38: 1, 27: 2, 8: 2, 61: 1, 6: 1, 50: 1, 17: 2, 48: 2, 4: 1, 30: 1, 56: 1, 28: 1}","[2754, 1423, 3444, 1353, 2265, 9281, 8596, 8406, 2928, 9791, 8029, 4604, 623, 2934, 9653, 4800, 3547, 66, 2368, 2756, 1590, 1281, 6663, 824, 2063]",2604,25,3,False,25
1510,card payment not recognised,direct,28,True,False,False,"{53: 3, 70: 2, 34: 1, 54: 1, 64: 1, 44: 1, 38: 1, 27: 2, 8: 2, 61: 1, 6: 1, 50: 1, 17: 2, 48: 2, 4: 1, 30: 1, 56: 1, 28: 1}","[2754, 1423, 3444, 1353, 2265, 9281, 8596, 8406, 2928, 9791, 8029, 4604, 623, 2934, 9653, 4800, 3547, 66, 2368, 2756, 1590, 1281, 6663, 824, 2063]",1510,25,3,False,25
2303,transfer not received by recipient,failed,35,False,False,False,"{53: 3, 70: 2, 34: 1, 54: 1, 64: 1, 44: 1, 38: 1, 27: 2, 8: 2, 61: 1, 6: 1, 50: 1, 17: 2, 48: 2, 4: 1, 30: 1, 56: 1, 28: 1}","[2754, 1423, 3444, 1353, 2265, 9281, 8596, 8406, 2928, 9791, 8029, 4604, 623, 2934, 9653, 4800, 3547, 66, 2368, 2756, 1590, 1281, 6663, 824, 2063]",2303,25,3,False,25
64,lost or stolen card,card linking,13,False,False,False,"{53: 3, 70: 2, 34: 1, 54: 1, 64: 1, 44: 1, 38: 1, 27: 2, 8: 2, 61: 1, 6: 1, 50: 1, 17: 2, 48: 2, 4: 1, 30: 1, 56: 1, 28: 1}","[2754, 1423, 3444, 1353, 2265, 9281, 8596, 8406, 2928, 9791, 8029, 4604, 623, 2934, 9653, 4800, 3547, 66, 2368, 2756, 1590, 1281, 6663, 824, 2063]",64,25,3,False,25
2041,transfer fee charged,transfer timing,67,False,False,False,"{53: 3, 70: 2, 34: 1, 54: 1, 64: 1, 44: 1, 38: 1, 27: 2, 8: 2, 61: 1, 6: 1, 50: 1, 17: 2, 48: 2, 4: 1, 30: 1, 56: 1, 28: 1}","[2754, 1423, 3444, 1353, 2265, 9281, 8596, 8406, 2928, 9791, 8029, 4604, 623, 2934, 9653, 4800, 3547, 66, 2368, 2756, 1590, 1281, 6663, 824, 2063]",2041,25,3,False,25
1995,cancel transfer,transaction,63,False,False,False,"{53: 3, 70: 2, 34: 1, 54: 1, 64: 1, 44: 1, 38: 1, 27: 2, 8: 2, 61: 1, 6: 1, 50: 1, 17: 2, 48: 2, 4: 1, 30: 1, 56: 1, 28: 1}","[2754, 1423, 3444, 1353, 2265, 9281, 8596, 8406, 2928, 9791, 8029, 4604, 623, 2934, 9653, 4800, 3547, 66, 2368, 2756, 1590, 1281, 6663, 824, 2063]",1995,25,3,False,25
1266,get physical card,get physical,38,True,True,False,"{53: 3, 70: 2, 34: 1, 54: 1, 64: 1, 44: 1, 38: 1, 27: 2, 8: 2, 61: 1, 6: 1, 50: 1, 17: 2, 48: 2, 4: 1, 30: 1, 56: 1, 28: 1}","[2754, 1423, 3444, 1353, 2265, 9281, 8596, 8406, 2928, 9791, 8029, 4604, 623, 2934, 9653, 4800, 3547, 66, 2368, 2756, 1590, 1281, 6663, 824, 2063]",1266,25,3,False,25
2821,card payment fee charged,top up by card,57,False,False,False,"{53: 3, 70: 2, 34: 1, 54: 1, 64: 1, 44: 1, 38: 1, 27: 2, 8: 2, 61: 1, 6: 1, 50: 1, 17: 2, 48: 2, 4: 1, 30: 1, 56: 1, 28: 1}","[2754, 1423, 3444, 1353, 2265, 9281, 8596, 8406, 2928, 9791, 8029, 4604, 623, 2934, 9653, 4800, 3547, 66, 2368, 2756, 1590, 1281, 6663, 824, 2063]",2821,25,3,False,25
1945,card payment not recognised,card sw,18,False,False,False,"{53: 3, 70: 2, 34: 1, 54: 1, 64: 1, 44: 1, 38: 1, 27: 2, 8: 2, 61: 1, 6: 1, 50: 1, 17: 2, 48: 2, 4: 1, 30: 1, 56: 1, 28: 1}","[2754, 1423, 3444, 1353, 2265, 9281, 8596, 8406, 2928, 9791, 8029, 4604, 623, 2934, 9653, 4800, 3547, 66, 2368, 2756, 1590, 1281, 6663, 824, 2063]",1945,25,3,False,25
835,transfer fee charged,card payment fee,15,False,False,False,"{53: 3, 70: 2, 34: 1, 54: 1, 64: 1, 44: 1, 38: 1, 27: 2, 8: 2, 61: 1, 6: 1, 50: 1, 17: 2, 48: 2, 4: 1, 30: 1, 56: 1, 28: 1}","[2754, 1423, 3444, 1353, 2265, 9281, 8596, 8406, 2928, 9791, 8029, 4604, 623, 2934, 9653, 4800, 3547, 66, 2368, 2756, 1590, 1281, 6663, 824, 2063]",835,25,3,False,25
2312,transfer not received by recipient,failed,35,False,False,False,"{53: 3, 70: 2, 34: 1, 54: 1, 64: 1, 44: 1, 38: 1, 27: 2, 8: 2, 61: 1, 6: 1, 50: 1, 17: 2, 48: 2, 4: 1, 30: 1, 56: 1, 28: 1}","[2754, 1423, 3444, 1353, 2265, 9281, 8596, 8406, 2928, 9791, 8029, 4604, 623, 2934, 9653, 4800, 3547, 66, 2368, 2756, 1590, 1281, 6663, 824, 2063]",2312,25,3,False,25
1053,cash withdrawal not recognised,balance not updated after che,6,True,False,False,"{53: 3, 70: 2, 34: 1, 54: 1, 64: 1, 44: 1, 38: 1, 27: 2, 8: 2, 61: 1, 6: 1, 50: 1, 17: 2, 48: 2, 4: 1, 30: 1, 56: 1, 28: 1}","[2754, 1423, 3444, 1353, 2265, 9281, 8596, 8406, 2928, 9791, 8029, 4604, 623, 2934, 9653, 4800, 3547, 66, 2368, 2756, 1590, 1281, 6663, 824, 2063]",1053,25,3,False,25
2800,top up by bank transfer charge,top up by card,57,False,False,False,"{53: 3, 70: 2, 34: 1, 54: 1, 64: 1, 44: 1, 38: 1, 27: 2, 8: 2, 61: 1, 6: 1, 50: 1, 17: 2, 48: 2, 4: 1, 30: 1, 56: 1, 28: 1}","[2754, 1423, 3444, 1353, 2265, 9281, 8596, 8406, 2928, 9791, 8029, 4604, 623, 2934, 9653, 4800, 3547, 66, 2368, 2756, 1590, 1281, 6663, 824, 2063]",2800,25,3,False,25
1835,card payment not recognised,declined card,25,False,False,False,"{53: 3, 70: 2, 34: 1, 54: 1, 64: 1, 44: 1, 38: 1, 27: 2, 8: 2, 61: 1, 6: 1, 50: 1, 17: 2, 48: 2, 4: 1, 30: 1, 56: 1, 28: 1}","[2754, 1423, 3444, 1353, 2265, 9281, 8596, 8406, 2928, 9791, 8029, 4604, 623, 2934, 9653, 4800, 3547, 66, 2368, 2756, 1590, 1281, 6663, 824, 2063]",1835,25,3,False,25
1434,card payment not recognised,comprom,22,False,False,False,"{53: 3, 70: 2, 34: 1, 54: 1, 64: 1, 44: 1, 38: 1, 27: 2, 8: 2, 61: 1, 6: 1, 50: 1, 17: 2, 48: 2, 4: 1, 30: 1, 56: 1, 28: 1}","[2754, 1423, 3444, 1353, 2265, 9281, 8596, 8406, 2928, 9791, 8029, 4604, 623, 2934, 9653, 4800, 3547, 66, 2368, 2756, 1590, 1281, 6663, 824, 2063]",1434,25,3,False,25
979,card payment not recognised,card accept,10,False,False,False,"{53: 3, 70: 2, 34: 1, 54: 1, 64: 1, 44: 1, 38: 1, 27: 2, 8: 2, 61: 1, 6: 1, 50: 1, 17: 2, 48: 2, 4: 1, 30: 1, 56: 1, 28: 1}","[2754, 1423, 3444, 1353, 2265, 9281, 8596, 8406, 2928, 9791, 8029, 4604, 623, 2934, 9653, 4800, 3547, 66, 2368, 2756, 1590, 1281, 6663, 824, 2063]",979,25,3,False,25
2942,card delivery estimate,card about,9,False,False,False,"{53: 3, 70: 2, 34: 1, 54: 1, 64: 1, 44: 1, 38: 1, 27: 2, 8: 2, 61: 1, 6: 1, 50: 1, 17: 2, 48: 2, 4: 1, 30: 1, 56: 1, 28: 1}","[2754, 1423, 3444, 1353, 2265, 9281, 8596, 8406, 2928, 9791, 8029, 4604, 623, 2934, 9653, 4800, 3547, 66, 2368, 2756, 1590, 1281, 6663, 824, 2063]",2942,25,3,False,25
1900,cancel transfer,terminate,55,False,False,False,"{53: 3, 70: 2, 34: 1, 54: 1, 64: 1, 44: 1, 38: 1, 27: 2, 8: 2, 61: 1, 6: 1, 50: 1, 17: 2, 48: 2, 4: 1, 30: 1, 56: 1, 28: 1}","[2754, 1423, 3444, 1353, 2265, 9281, 8596, 8406, 2928, 9791, 8029, 4604, 623, 2934, 9653, 4800, 3547, 66, 2368, 2756, 1590, 1281, 6663, 824, 2063]",1900,25,3,False,25
2973,apple pay or google pay,apple,2,False,True,False,"{53: 3, 70: 2, 34: 1, 54: 1, 64: 1, 44: 1, 38: 1, 27: 2, 8: 2, 61: 1, 6: 1, 50: 1, 17: 2, 48: 2, 4: 1, 30: 1, 56: 1, 28: 1}","[2754, 1423, 3444, 1353, 2265, 9281, 8596, 8406, 2928, 9791, 8029, 4604, 623, 2934, 9653, 4800, 3547, 66, 2368, 2756, 1590, 1281, 6663, 824, 2063]",2973,25,3,False,25
2989,top up by card charge,apple,2,False,False,False,"{53: 3, 70: 2, 34: 1, 54: 1, 64: 1, 44: 1, 38: 1, 27: 2, 8: 2, 61: 1, 6: 1, 50: 1, 17: 2, 48: 2, 4: 1, 30: 1, 56: 1, 28: 1}","[2754, 1423, 3444, 1353, 2265, 9281, 8596, 8406, 2928, 9791, 8029, 4604, 623, 2934, 9653, 4800, 3547, 66, 2368, 2756, 1590, 1281, 6663, 824, 2063]",2989,25,3,False,25
2241,get physical card,receiving,50,True,False,False,"{53: 3, 70: 2, 34: 1, 54: 1, 64: 1, 44: 1, 38: 1, 27: 2, 8: 2, 61: 1, 6: 1, 50: 1, 17: 2, 48: 2, 4: 1, 30: 1, 56: 1, 28: 1}","[2754, 1423, 3444, 1353, 2265, 9281, 8596, 8406, 2928, 9791, 8029, 4604, 623, 2934, 9653, 4800, 3547, 66, 2368, 2756, 1590, 1281, 6663, 824, 2063]",2241,25,3,False,25
984,card payment not recognised,card accept,10,False,False,False,"{53: 3, 70: 2, 34: 1, 54: 1, 64: 1, 44: 1, 38: 1, 27: 2, 8: 2, 61: 1, 6: 1, 50: 1, 17: 2, 48: 2, 4: 1, 30: 1, 56: 1, 28: 1}","[2754, 1423, 3444, 1353, 2265, 9281, 8596, 8406, 2928, 9791, 8029, 4604, 623, 2934, 9653, 4800, 3547, 66, 2368, 2756, 1590, 1281, 6663, 824, 2063]",984,25,3,False,25
2933,card about to expire,card about,9,False,True,False,"{53: 3, 70: 2, 34: 1, 54: 1, 64: 1, 44: 1, 38: 1, 27: 2, 8: 2, 61: 1, 6: 1, 50: 1, 17: 2, 48: 2, 4: 1, 30: 1, 56: 1, 28: 1}","[2754, 1423, 3444, 1353, 2265, 9281, 8596, 8406, 2928, 9791, 8029, 4604, 623, 2934, 9653, 4800, 3547, 66, 2368, 2756, 1590, 1281, 6663, 824, 2063]",2933,25,3,False,25
1265,pin blocked,get physical,38,True,False,False,"{53: 3, 70: 2, 34: 1, 54: 1, 64: 1, 44: 1, 38: 1, 27: 2, 8: 2, 61: 1, 6: 1, 50: 1, 17: 2, 48: 2, 4: 1, 30: 1, 56: 1, 28: 1}","[2754, 1423, 3444, 1353, 2265, 9281, 8596, 8406, 2928, 9791, 8029, 4604, 623, 2934, 9653, 4800, 3547, 66, 2368, 2756, 1590, 1281, 6663, 824, 2063]",1265,25,3,False,25
1811,card payment not recognised,declined card,25,False,False,False,"{53: 3, 70: 2, 34: 1, 54: 1, 64: 1, 44: 1, 38: 1, 27: 2, 8: 2, 61: 1, 6: 1, 50: 1, 17: 2, 48: 2, 4: 1, 30: 1, 56: 1, 28: 1}","[2754, 1423, 3444, 1353, 2265, 9281, 8596, 8406, 2928, 9791, 8029, 4604, 623, 2934, 9653, 4800, 3547, 66, 2368, 2756, 1590, 1281, 6663, 824, 2063]",1811,25,3,False,25
1428,card payment not recognised,comprom,22,False,False,False,"{53: 3, 70: 2, 34: 1, 54: 1, 64: 1, 44: 1, 38: 1, 27: 2, 8: 2, 61: 1, 6: 1, 50: 1, 17: 2, 48: 2, 4: 1, 30: 1, 56: 1, 28: 1}","[2754, 1423, 3444, 1353, 2265, 9281, 8596, 8406, 2928, 9791, 8029, 4604, 623, 2934, 9653, 4800, 3547, 66, 2368, 2756, 1590, 1281, 6663, 824, 2063]",1428,25,3,False,25
1568,unable to verify identity,declined c,26,False,False,False,"{53: 3, 70: 2, 34: 1, 54: 1, 64: 1, 44: 1, 38: 1, 27: 2, 8: 2, 61: 1, 6: 1, 50: 1, 17: 2, 48: 2, 4: 1, 30: 1, 56: 1, 28: 1}","[2754, 1423, 3444, 1353, 2265, 9281, 8596, 8406, 2928, 9791, 8029, 4604, 623, 2934, 9653, 4800, 3547, 66, 2368, 2756, 1590, 1281, 6663, 824, 2063]",1568,25,3,False,25
2675,card payment not recognised,top up failed,59,False,False,False,"{53: 3, 70: 2, 34: 1, 54: 1, 64: 1, 44: 1, 38: 1, 27: 2, 8: 2, 61: 1, 6: 1, 50: 1, 17: 2, 48: 2, 4: 1, 30: 1, 56: 1, 28: 1}","[2754, 1423, 3444, 1353, 2265, 9281, 8596, 8406, 2928, 9791, 8029, 4604, 623, 2934, 9653, 4800, 3547, 66, 2368, 2756, 1590, 1281, 6663, 824, 2063]",2675,25,3,False,25
1645,lost or stolen phone,lost or stolen phone,42,False,True,False,"{53: 3, 70: 2, 34: 1, 54: 1, 64: 1, 44: 1, 38: 1, 27: 2, 8: 2, 61: 1, 6: 1, 50: 1, 17: 2, 48: 2, 4: 1, 30: 1, 56: 1, 28: 1}","[2754, 1423, 3444, 1353, 2265, 9281, 8596, 8406, 2928, 9791, 8029, 4604, 623, 2934, 9653, 4800, 3547, 66, 2368, 2756, 1590, 1281, 6663, 824, 2063]",1645,25,3,False,25
2289,transfer not received by recipient,failed,35,False,False,False,"{53: 3, 70: 2, 34: 1, 54: 1, 64: 1, 44: 1, 38: 1, 27: 2, 8: 2, 61: 1, 6: 1, 50: 1, 17: 2, 48: 2, 4: 1, 30: 1, 56: 1, 28: 1}","[2754, 1423, 3444, 1353, 2265, 9281, 8596, 8406, 2928, 9791, 8029, 4604, 623, 2934, 9653, 4800, 3547, 66, 2368, 2756, 1590, 1281, 6663, 824, 2063]",2289,25,3,False,25
2854,activate my card,activ,0,False,True,False,"{53: 3, 70: 2, 34: 1, 54: 1, 64: 1, 44: 1, 38: 1, 27: 2, 8: 2, 61: 1, 6: 1, 50: 1, 17: 2, 48: 2, 4: 1, 30: 1, 56: 1, 28: 1}","[2754, 1423, 3444, 1353, 2265, 9281, 8596, 8406, 2928, 9791, 8029, 4604, 623, 2934, 9653, 4800, 3547, 66, 2368, 2756, 1590, 1281, 6663, 824, 2063]",2854,25,3,False,25
1356,card payment not recognised,to,62,False,False,False,"{53: 3, 70: 2, 34: 1, 54: 1, 64: 1, 44: 1, 38: 1, 27: 2, 8: 2, 61: 1, 6: 1, 50: 1, 17: 2, 48: 2, 4: 1, 30: 1, 56: 1, 28: 1}","[2754, 1423, 3444, 1353, 2265, 9281, 8596, 8406, 2928, 9791, 8029, 4604, 623, 2934, 9653, 4800, 3547, 66, 2368, 2756, 1590, 1281, 6663, 824, 2063]",1356,25,3,False,25
982,card payment not recognised,card accept,10,False,False,False,"{53: 3, 70: 2, 34: 1, 54: 1, 64: 1, 44: 1, 38: 1, 27: 2, 8: 2, 61: 1, 6: 1, 50: 1, 17: 2, 48: 2, 4: 1, 30: 1, 56: 1, 28: 1}","[2754, 1423, 3444, 1353, 2265, 9281, 8596, 8406, 2928, 9791, 8029, 4604, 623, 2934, 9653, 4800, 3547, 66, 2368, 2756, 1590, 1281, 6663, 824, 2063]",982,25,3,False,25
1518,direct debit payment not recognised,direct,28,True,True,False,"{53: 3, 70: 2, 34: 1, 54: 1, 64: 1, 44: 1, 38: 1, 27: 2, 8: 2, 61: 1, 6: 1, 50: 1, 17: 2, 48: 2, 4: 1, 30: 1, 56: 1, 28: 1}","[2754, 1423, 3444, 1353, 2265, 9281, 8596, 8406, 2928, 9791, 8029, 4604, 623, 2934, 9653, 4800, 3547, 66, 2368, 2756, 1590, 1281, 6663, 824, 2063]",1518,25,3,False,25
722,top up limits,top up limits,60,False,True,False,"{53: 3, 70: 2, 34: 1, 54: 1, 64: 1, 44: 1, 38: 1, 27: 2, 8: 2, 61: 1, 6: 1, 50: 1, 17: 2, 48: 2, 4: 1, 30: 1, 56: 1, 28: 1}","[2754, 1423, 3444, 1353, 2265, 9281, 8596, 8406, 2928, 9791, 8029, 4604, 623, 2934, 9653, 4800, 3547, 66, 2368, 2756, 1590, 1281, 6663, 824, 2063]",722,25,3,False,25
2372,verify top up,verify top,71,False,True,False,"{53: 3, 70: 2, 34: 1, 54: 1, 64: 1, 44: 1, 38: 1, 27: 2, 8: 2, 61: 1, 6: 1, 50: 1, 17: 2, 48: 2, 4: 1, 30: 1, 56: 1, 28: 1}","[2754, 1423, 3444, 1353, 2265, 9281, 8596, 8406, 2928, 9791, 8029, 4604, 623, 2934, 9653, 4800, 3547, 66, 2368, 2756, 1590, 1281, 6663, 824, 2063]",2372,25,3,False,25
1917,cancel transfer,terminate,55,False,False,False,"{53: 3, 70: 2, 34: 1, 54: 1, 64: 1, 44: 1, 38: 1, 27: 2, 8: 2, 61: 1, 6: 1, 50: 1, 17: 2, 48: 2, 4: 1, 30: 1, 56: 1, 28: 1}","[2754, 1423, 3444, 1353, 2265, 9281, 8596, 8406, 2928, 9791, 8029, 4604, 623, 2934, 9653, 4800, 3547, 66, 2368, 2756, 1590, 1281, 6663, 824, 2063]",1917,25,3,False,25
1500,direct debit payment not recognised,direct,28,True,True,False,"{53: 3, 70: 2, 34: 1, 54: 1, 64: 1, 44: 1, 38: 1, 27: 2, 8: 2, 61: 1, 6: 1, 50: 1, 17: 2, 48: 2, 4: 1, 30: 1, 56: 1, 28: 1}","[2754, 1423, 3444, 1353, 2265, 9281, 8596, 8406, 2928, 9791, 8029, 4604, 623, 2934, 9653, 4800, 3547, 66, 2368, 2756, 1590, 1281, 6663, 824, 2063]",1500,25,3,False,25
1933,lost or stolen card,card sw,18,False,False,False,"{53: 3, 70: 2, 34: 1, 54: 1, 64: 1, 44: 1, 38: 1, 27: 2, 8: 2, 61: 1, 6: 1, 50: 1, 17: 2, 48: 2, 4: 1, 30: 1, 56: 1, 28: 1}","[2754, 1423, 3444, 1353, 2265, 9281, 8596, 8406, 2928, 9791, 8029, 4604, 623, 2934, 9653, 4800, 3547, 66, 2368, 2756, 1590, 1281, 6663, 824, 2063]",1933,25,3,False,25
2833,top up by bank transfer charge,top up by card,57,False,False,False,"{53: 3, 70: 2, 34: 1, 54: 1, 64: 1, 44: 1, 38: 1, 27: 2, 8: 2, 61: 1, 6: 1, 50: 1, 17: 2, 48: 2, 4: 1, 30: 1, 56: 1, 28: 1}","[2754, 1423, 3444, 1353, 2265, 9281, 8596, 8406, 2928, 9791, 8029, 4604, 623, 2934, 9653, 4800, 3547, 66, 2368, 2756, 1590, 1281, 6663, 824, 2063]",2833,25,3,False,25
1639,pending transfer,pending card,45,False,False,True,"{53: 3, 70: 2, 34: 1, 54: 1, 64: 1, 44: 1, 38: 1, 27: 2, 8: 2, 61: 1, 6: 1, 50: 1, 17: 2, 48: 2, 4: 1, 30: 1, 56: 1, 28: 1}","[2754, 1423, 3444, 1353, 2265, 9281, 8596, 8406, 2928, 9791, 8029, 4604, 623, 2934, 9653, 4800, 3547, 66, 2368, 2756, 1590, 1281, 6663, 824, 2063]",1639,25,3,False,25
1136,edit personal details,edit,30,True,True,False,"{53: 3, 70: 2, 34: 1, 54: 1, 64: 1, 44: 1, 38: 1, 27: 2, 8: 2, 61: 1, 6: 1, 50: 1, 17: 2, 48: 2, 4: 1, 30: 1, 56: 1, 28: 1}","[2754, 1423, 3444, 1353, 2265, 9281, 8596, 8406, 2928, 9791, 8029, 4604, 623, 2934, 9653, 4800, 3547, 66, 2368, 2756, 1590, 1281, 6663, 824, 2063]",1136,25,3,False,25
2124,change pin,change,21,False,True,False,"{53: 3, 70: 2, 34: 1, 54: 1, 64: 1, 44: 1, 38: 1, 27: 2, 8: 2, 61: 1, 6: 1, 50: 1, 17: 2, 48: 2, 4: 1, 30: 1, 56: 1, 28: 1}","[2754, 1423, 3444, 1353, 2265, 9281, 8596, 8406, 2928, 9791, 8029, 4604, 623, 2934, 9653, 4800, 3547, 66, 2368, 2756, 1590, 1281, 6663, 824, 2063]",2124,25,3,False,25
3008,verify my identity,verify my,69,False,True,False,"{53: 3, 70: 2, 34: 1, 54: 1, 64: 1, 44: 1, 38: 1, 27: 2, 8: 2, 61: 1, 6: 1, 50: 1, 17: 2, 48: 2, 4: 1, 30: 1, 56: 1, 28: 1}","[2754, 1423, 3444, 1353, 2265, 9281, 8596, 8406, 2928, 9791, 8029, 4604, 623, 2934, 9653, 4800, 3547, 66, 2368, 2756, 1590, 1281, 6663, 824, 2063]",3008,25,3,False,25
1704,get physical card,request,52,False,False,False,"{53: 3, 70: 2, 34: 1, 54: 1, 64: 1, 44: 1, 38: 1, 27: 2, 8: 2, 61: 1, 6: 1, 50: 1, 17: 2, 48: 2, 4: 1, 30: 1, 56: 1, 28: 1}","[2754, 1423, 3444, 1353, 2265, 9281, 8596, 8406, 2928, 9791, 8029, 4604, 623, 2934, 9653, 4800, 3547, 66, 2368, 2756, 1590, 1281, 6663, 824, 2063]",1704,25,3,False,25
2243,top up by bank transfer charge,receiving,50,True,False,False,"{53: 3, 70: 2, 34: 1, 54: 1, 64: 1, 44: 1, 38: 1, 27: 2, 8: 2, 61: 1, 6: 1, 50: 1, 17: 2, 48: 2, 4: 1, 30: 1, 56: 1, 28: 1}","[2754, 1423, 3444, 1353, 2265, 9281, 8596, 8406, 2928, 9791, 8029, 4604, 623, 2934, 9653, 4800, 3547, 66, 2368, 2756, 1590, 1281, 6663, 824, 2063]",2243,25,3,False,25
748,top up limits,top up limits,60,False,True,False,"{53: 3, 70: 2, 34: 1, 54: 1, 64: 1, 44: 1, 38: 1, 27: 2, 8: 2, 61: 1, 6: 1, 50: 1, 17: 2, 48: 2, 4: 1, 30: 1, 56: 1, 28: 1}","[2754, 1423, 3444, 1353, 2265, 9281, 8596, 8406, 2928, 9791, 8029, 4604, 623, 2934, 9653, 4800, 3547, 66, 2368, 2756, 1590, 1281, 6663, 824, 2063]",748,25,3,False,25
2649,top up failed,top up failed,59,False,True,False,"{53: 3, 70: 2, 34: 1, 54: 1, 64: 1, 44: 1, 38: 1, 27: 2, 8: 2, 61: 1, 6: 1, 50: 1, 17: 2, 48: 2, 4: 1, 30: 1, 56: 1, 28: 1}","[2754, 1423, 3444, 1353, 2265, 9281, 8596, 8406, 2928, 9791, 8029, 4604, 623, 2934, 9653, 4800, 3547, 66, 2368, 2756, 1590, 1281, 6663, 824, 2063]",2649,25,3,False,25
1258,pin blocked,get physical,38,True,False,False,"{53: 3, 70: 2, 34: 1, 54: 1, 64: 1, 44: 1, 38: 1, 27: 2, 8: 2, 61: 1, 6: 1, 50: 1, 17: 2, 48: 2, 4: 1, 30: 1, 56: 1, 28: 1}","[2754, 1423, 3444, 1353, 2265, 9281, 8596, 8406, 2928, 9791, 8029, 4604, 623, 2934, 9653, 4800, 3547, 66, 2368, 2756, 1590, 1281, 6663, 824, 2063]",1258,25,3,False,25
1318,supported cards and currencies,vis,73,False,False,False,"{53: 3, 70: 2, 34: 1, 54: 1, 64: 1, 44: 1, 38: 1, 27: 2, 8: 2, 61: 1, 6: 1, 50: 1, 17: 2, 48: 2, 4: 1, 30: 1, 56: 1, 28: 1}","[2754, 1423, 3444, 1353, 2265, 9281, 8596, 8406, 2928, 9791, 8029, 4604, 623, 2934, 9653, 4800, 3547, 66, 2368, 2756, 1590, 1281, 6663, 824, 2063]",1318,25,3,False,25
1770,cancel transfer,Ref,51,False,False,False,"{53: 3, 70: 2, 34: 1, 54: 1, 64: 1, 44: 1, 38: 1, 27: 2, 8: 2, 61: 1, 6: 1, 50: 1, 17: 2, 48: 2, 4: 1, 30: 1, 56: 1, 28: 1}","[2754, 1423, 3444, 1353, 2265, 9281, 8596, 8406, 2928, 9791, 8029, 4604, 623, 2934, 9653, 4800, 3547, 66, 2368, 2756, 1590, 1281, 6663, 824, 2063]",1770,25,3,False,25
217,pending cash withdrawal,pending c,46,False,True,False,"{53: 3, 70: 2, 34: 1, 54: 1, 64: 1, 44: 1, 38: 1, 27: 2, 8: 2, 61: 1, 6: 1, 50: 1, 17: 2, 48: 2, 4: 1, 30: 1, 56: 1, 28: 1}","[2754, 1423, 3444, 1353, 2265, 9281, 8596, 8406, 2928, 9791, 8029, 4604, 623, 2934, 9653, 4800, 3547, 66, 2368, 2756, 1590, 1281, 6663, 824, 2063]",217,25,3,False,25
1141,change pin,edit,30,True,False,False,"{53: 3, 70: 2, 34: 1, 54: 1, 64: 1, 44: 1, 38: 1, 27: 2, 8: 2, 61: 1, 6: 1, 50: 1, 17: 2, 48: 2, 4: 1, 30: 1, 56: 1, 28: 1}","[2754, 1423, 3444, 1353, 2265, 9281, 8596, 8406, 2928, 9791, 8029, 4604, 623, 2934, 9653, 4800, 3547, 66, 2368, 2756, 1590, 1281, 6663, 824, 2063]",1141,25,3,False,25
2078,transfer timing,transfer timing,67,False,True,False,"{53: 3, 70: 2, 34: 1, 54: 1, 64: 1, 44: 1, 38: 1, 27: 2, 8: 2, 61: 1, 6: 1, 50: 1, 17: 2, 48: 2, 4: 1, 30: 1, 56: 1, 28: 1}","[2754, 1423, 3444, 1353, 2265, 9281, 8596, 8406, 2928, 9791, 8029, 4604, 623, 2934, 9653, 4800, 3547, 66, 2368, 2756, 1590, 1281, 6663, 824, 2063]",2078,25,3,False,25
402,change pin,exchange via,33,False,False,False,"{53: 3, 70: 2, 34: 1, 54: 1, 64: 1, 44: 1, 38: 1, 27: 2, 8: 2, 61: 1, 6: 1, 50: 1, 17: 2, 48: 2, 4: 1, 30: 1, 56: 1, 28: 1}","[2754, 1423, 3444, 1353, 2265, 9281, 8596, 8406, 2928, 9791, 8029, 4604, 623, 2934, 9653, 4800, 3547, 66, 2368, 2756, 1590, 1281, 6663, 824, 2063]",402,25,3,False,25
1349,transfer into account,to,62,False,False,False,"{53: 3, 70: 2, 34: 1, 54: 1, 64: 1, 44: 1, 38: 1, 27: 2, 8: 2, 61: 1, 6: 1, 50: 1, 17: 2, 48: 2, 4: 1, 30: 1, 56: 1, 28: 1}","[2754, 1423, 3444, 1353, 2265, 9281, 8596, 8406, 2928, 9791, 8029, 4604, 623, 2934, 9653, 4800, 3547, 66, 2368, 2756, 1590, 1281, 6663, 824, 2063]",1349,25,3,False,25
80,exchange rate,exchange rate,32,False,True,False,"{53: 3, 70: 2, 34: 1, 54: 1, 64: 1, 44: 1, 38: 1, 27: 2, 8: 2, 61: 1, 6: 1, 50: 1, 17: 2, 48: 2, 4: 1, 30: 1, 56: 1, 28: 1}","[2754, 1423, 3444, 1353, 2265, 9281, 8596, 8406, 2928, 9791, 8029, 4604, 623, 2934, 9653, 4800, 3547, 66, 2368, 2756, 1590, 1281, 6663, 824, 2063]",80,25,3,False,25
1355,top up by card charge,to,62,False,False,False,"{53: 3, 70: 2, 34: 1, 54: 1, 64: 1, 44: 1, 38: 1, 27: 2, 8: 2, 61: 1, 6: 1, 50: 1, 17: 2, 48: 2, 4: 1, 30: 1, 56: 1, 28: 1}","[2754, 1423, 3444, 1353, 2265, 9281, 8596, 8406, 2928, 9791, 8029, 4604, 623, 2934, 9653, 4800, 3547, 66, 2368, 2756, 1590, 1281, 6663, 824, 2063]",1355,25,3,False,25
2386,verify top up,verify top,71,False,True,False,"{53: 3, 70: 2, 34: 1, 54: 1, 64: 1, 44: 1, 38: 1, 27: 2, 8: 2, 61: 1, 6: 1, 50: 1, 17: 2, 48: 2, 4: 1, 30: 1, 56: 1, 28: 1}","[2754, 1423, 3444, 1353, 2265, 9281, 8596, 8406, 2928, 9791, 8029, 4604, 623, 2934, 9653, 4800, 3547, 66, 2368, 2756, 1590, 1281, 6663, 824, 2063]",2386,25,3,False,25
838,card payment fee charged,card payment fee,15,False,True,False,"{53: 3, 70: 2, 34: 1, 54: 1, 64: 1, 44: 1, 38: 1, 27: 2, 8: 2, 61: 1, 6: 1, 50: 1, 17: 2, 48: 2, 4: 1, 30: 1, 56: 1, 28: 1}","[2754, 1423, 3444, 1353, 2265, 9281, 8596, 8406, 2928, 9791, 8029, 4604, 623, 2934, 9653, 4800, 3547, 66, 2368, 2756, 1590, 1281, 6663, 824, 2063]",838,25,3,False,25
2267,receiving money,receiving,50,True,True,False,"{53: 3, 70: 2, 34: 1, 54: 1, 64: 1, 44: 1, 38: 1, 27: 2, 8: 2, 61: 1, 6: 1, 50: 1, 17: 2, 48: 2, 4: 1, 30: 1, 56: 1, 28: 1}","[2754, 1423, 3444, 1353, 2265, 9281, 8596, 8406, 2928, 9791, 8029, 4604, 623, 2934, 9653, 4800, 3547, 66, 2368, 2756, 1590, 1281, 6663, 824, 2063]",2267,25,3,False,25
2881,extra charge on statement,cash withdrawal charge,19,False,False,False,"{53: 3, 70: 2, 34: 1, 54: 1, 64: 1, 44: 1, 38: 1, 27: 2, 8: 2, 61: 1, 6: 1, 50: 1, 17: 2, 48: 2, 4: 1, 30: 1, 56: 1, 28: 1}","[2754, 1423, 3444, 1353, 2265, 9281, 8596, 8406, 2928, 9791, 8029, 4604, 623, 2934, 9653, 4800, 3547, 66, 2368, 2756, 1590, 1281, 6663, 824, 2063]",2881,25,3,False,25
801,card payment wrong exchange rate,card payment fee,15,False,False,False,"{53: 3, 70: 2, 34: 1, 54: 1, 64: 1, 44: 1, 38: 1, 27: 2, 8: 2, 61: 1, 6: 1, 50: 1, 17: 2, 48: 2, 4: 1, 30: 1, 56: 1, 28: 1}","[2754, 1423, 3444, 1353, 2265, 9281, 8596, 8406, 2928, 9791, 8029, 4604, 623, 2934, 9653, 4800, 3547, 66, 2368, 2756, 1590, 1281, 6663, 824, 2063]",801,25,3,False,25
73,card linking,card linking,13,False,True,False,"{53: 3, 70: 2, 34: 1, 54: 1, 64: 1, 44: 1, 38: 1, 27: 2, 8: 2, 61: 1, 6: 1, 50: 1, 17: 2, 48: 2, 4: 1, 30: 1, 56: 1, 28: 1}","[2754, 1423, 3444, 1353, 2265, 9281, 8596, 8406, 2928, 9791, 8029, 4604, 623, 2934, 9653, 4800, 3547, 66, 2368, 2756, 1590, 1281, 6663, 824, 2063]",73,25,3,False,25
1967,cancel transfer,transaction,63,False,False,False,"{53: 3, 70: 2, 34: 1, 54: 1, 64: 1, 44: 1, 38: 1, 27: 2, 8: 2, 61: 1, 6: 1, 50: 1, 17: 2, 48: 2, 4: 1, 30: 1, 56: 1, 28: 1}","[2754, 1423, 3444, 1353, 2265, 9281, 8596, 8406, 2928, 9791, 8029, 4604, 623, 2934, 9653, 4800, 3547, 66, 2368, 2756, 1590, 1281, 6663, 824, 2063]",1967,25,3,False,25
2982,top up by card charge,apple,2,False,False,False,"{53: 3, 70: 2, 34: 1, 54: 1, 64: 1, 44: 1, 38: 1, 27: 2, 8: 2, 61: 1, 6: 1, 50: 1, 17: 2, 48: 2, 4: 1, 30: 1, 56: 1, 28: 1}","[2754, 1423, 3444, 1353, 2265, 9281, 8596, 8406, 2928, 9791, 8029, 4604, 623, 2934, 9653, 4800, 3547, 66, 2368, 2756, 1590, 1281, 6663, 824, 2063]",2982,25,3,False,25
46,card not working,card linking,13,False,False,False,"{53: 3, 70: 2, 34: 1, 54: 1, 64: 1, 44: 1, 38: 1, 27: 2, 8: 2, 61: 1, 6: 1, 50: 1, 17: 2, 48: 2, 4: 1, 30: 1, 56: 1, 28: 1}","[2754, 1423, 3444, 1353, 2265, 9281, 8596, 8406, 2928, 9791, 8029, 4604, 623, 2934, 9653, 4800, 3547, 66, 2368, 2756, 1590, 1281, 6663, 824, 2063]",46,25,3,False,25
2916,wrong amount of cash received,cash withdrawal charge,19,False,False,False,"{53: 3, 70: 2, 34: 1, 54: 1, 64: 1, 44: 1, 38: 1, 27: 2, 8: 2, 61: 1, 6: 1, 50: 1, 17: 2, 48: 2, 4: 1, 30: 1, 56: 1, 28: 1}","[2754, 1423, 3444, 1353, 2265, 9281, 8596, 8406, 2928, 9791, 8029, 4604, 623, 2934, 9653, 4800, 3547, 66, 2368, 2756, 1590, 1281, 6663, 824, 2063]",2916,25,3,False,25
